,,,,,,,,,,,
,,,,,,,,,,,
,,,,,,,,,,,
,,,,,,,,,,,
,,,,,,,,,,,
,,,,,,,,,,,
,,,,,,,,,,,
Symbol,Quantity,Date,Cost/Share $,Total Cost $,Date,Price/Share $,Proceeds $,Gain $,Deferred Loss $,Term,Lot Selection
AAL,2000,--,--,23574.48,--,--,23559.8703,-14.61,--,Short,--
    Sell,1900,6/6/2025,11.79,22395.49,6/10/2025,11.78,22381.8803,-13.61,0,Short,FIFO
    Sell,100,6/6/2025,11.79,1178.99,6/10/2025,11.78,1177.99,-1,0,Short,FIFO
AAOI,6000,--,--,101825.16,--,--,141382.9401,39557.78,--,Short,--
    Sell,500,4/9/2025,12.57,6287.45,4/9/2025,13.19,6597.23,309.78,0,Short,FIFO
    Sell,200,6/6/2025,16.9,3381,6/27/2025,27.74,5547.97,2166.97,0,Short,FIFO
    Sell,500,6/12/2025,17.58,8789.05,7/3/2025,29.66,14829.92,6040.87,0,Short,FIFO
    Sell,500,6/12/2025,17.58,8789.05,7/9/2025,26.81,13404.92,4615.87,0,Short,FIFO
    Sell,500,6/12/2025,17.45,8722.6,7/9/2025,26.81,13404.91,4682.31,0,Short,FIFO
    Sell,500,6/23/2025,22.43,11213.4,7/16/2025,27.75,13876.47,2663.07,0,Short,FIFO
    Sell,100,6/24/2025,23.01,2300.63,7/21/2025,28.43,2842.98,542.35,0,Short,FIFO
    Sell,300,6/6/2025,16.9,5071.5,6/27/2025,27.88,8364.6099,3293.11,0,Short,FIFO
    Sell,475,6/6/2025,17.08,8110.72,6/27/2025,27.55,13084.98033,4974.26,0,Short,FIFO
    Sell,25,6/6/2025,17.08,426.88,6/27/2025,27.55,688.75,261.87,0,Short,FIFO
    Sell,500,4/9/2025,12.57,6287.45,4/9/2025,13.21,6604.98,317.53,0,Short,FIFO
    Sell,100,5/8/2025,14.23,1423,6/4/2025,17.02,1702.48,279.48,0,Short,FIFO
    Sell,300,5/8/2025,14.24,4271.49,6/4/2025,17.02,5107.4499,835.96,0,Short,FIFO
    Sell,400,5/8/2025,14.12,5648,6/4/2025,17.02,6809.93,1161.93,0,Short,FIFO
    Sell,200,6/3/2025,16.81,3362.82,6/4/2025,17.02,3404.97,42.15,0,Short,FIFO
    Sell,500,6/6/2025,17.08,8537.6,6/27/2025,27.48,13742.42,5204.82,0,Short,FIFO
    Sell,400,6/24/2025,23.01,9202.52,7/21/2025,28.42,11367.97,2165.45,0,Short,FIFO
ACHR,6400,--,--,67744.79,--,--,70769.391,3024.6,--,Short,--
    Sell,1000,2/14/2025,10.04,10035,2/18/2025,11.19,11191.91,1156.91,0,Short,FIFO
    Sell,800,7/15/2025,11.42,9133.04,7/16/2025,11.45,9161.1504,28.11,0,Short,FIFO
    Sell,800,7/15/2025,11.42,9133.04,7/15/2025,11.37,9098.9104,-34.13,0,Short,FIFO
    Sell,1000,6/6/2025,10.08,10075.2,6/10/2025,11.18,11184.83,1109.63,0,Short,FIFO
    Sell,1000,6/6/2025,10.05,10045.3,6/6/2025,11.28,11279.93,1234.63,0,Short,FIFO
    Sell,400,2/28/2025,10.08,4030.08,5/13/2025,9.94,3975.93,-54.15,0,Short,FIFO
    Sell,600,2/27/2025,10.08,6045.13,5/13/2025,9.94,5963.8998,-81.23,0,Short,FIFO
    Sell,800,7/16/2025,11.56,9248,7/16/2025,11.14,8912.8304,-335.17,0,Short,FIFO
ADTN,3000,--,--,28868.1,--,--,28613.76006,-254.34,--,Short,--
    Sell,306,7/10/2025,9.47,2897.3,7/15/2025,9.19,2812.090122,-85.21,0,Short,FIFO
    Sell,694,7/10/2025,9.47,6571,7/15/2025,9.18,6370.799938,-200.2,0,Short,FIFO
    Sell,2000,7/16/2025,9.7,19399.8,7/29/2025,9.72,19430.87,31.07,0,Short,Specific Lot
AEHR,500,--,--,6541.1,--,--,6318.2401,-222.86,--,Short,--
    Sell,225,9/13/2024,13.08,2943,9/17/2024,12.64,2843.210025,-99.79,0,Short,FIFO
    Sell,275,9/13/2024,13.08,3598.1,9/17/2024,12.64,3475.030075,-123.07,0,Short,FIFO
AFRM,2500,--,--,173789.63,--,--,174306.11,516.48,--,Short,--
    Sell,176,1/23/2025,56.48,9941.31,1/27/2025,52.25,9195.709952,-745.6,0,Short,FIFO
    Sell,1,2/18/2025,81.18,81.18,2/18/2025,79.77,79.77,-1.41,0,Short,FIFO
    Sell,638,2/18/2025,81.18,51792.84,2/18/2025,79.72,50859.83008,-933.01,0,Short,FIFO
    Sell,147,2/18/2025,81.18,11933.46,2/18/2025,79.72,11718.49999,-214.96,0,Short,FIFO
    Sell,14,2/18/2025,81.18,1136.52,2/18/2025,79.71,1115.900002,-20.62,0,Short,FIFO
    Sell,800,2/13/2025,77.32,61858.72,2/18/2025,81.31,65044.38,3185.66,0,Short,FIFO
    Sell,100,1/24/2025,56.53,5652.75,1/27/2025,52.36,5235.83,-416.92,0,Short,FIFO
    Sell,50,1/23/2025,56.48,2824.24,1/27/2025,52.3,2614.91,-209.33,0,Short,FIFO
    Sell,2,1/23/2025,56.48,112.97,1/27/2025,52.22,104.45,-8.52,0,Short,FIFO
    Sell,1,1/23/2025,56.48,56.48,1/27/2025,52.26,52.26,-4.22,0,Short,FIFO
    Sell,71,1/23/2025,56.48,4010.41,1/27/2025,52.26,3710.34001,-300.07,0,Short,FIFO
    Sell,500,3/12/2025,48.78,24388.75,3/12/2025,49.15,24574.23,185.48,0,Short,FIFO
AGEN,1500,--,--,9619.65,--,--,8813.390286,-806.26,--,Short,--
    Sell,606,7/28/2025,6.41,3886.34,7/29/2025,5.87,3557.12001,-329.22,0,Short,FIFO
    Sell,717,7/28/2025,6.41,4598.2,7/29/2025,5.88,4215.840261,-382.36,0,Short,FIFO
    Sell,108,7/28/2025,6.41,692.61,7/29/2025,5.89,636.10002,-56.51,0,Short,FIFO
    Sell,69,7/28/2025,6.41,442.5,7/29/2025,5.86,404.329995,-38.17,0,Short,FIFO
AI,2000,--,--,60705.3,--,--,56372.99,-4332.31,--,Short,--
    Sell,1000,2/10/2025,35.78,35779.4,2/12/2025,31.41,31413.05,-4366.35,0,Short,FIFO
    Sell,500,6/26/2025,24.93,12462.95,7/2/2025,24.95,12472.67,9.72,0,Short,FIFO
    Sell,500,6/26/2025,24.93,12462.95,7/2/2025,24.97,12487.27,24.32,0,Short,FIFO
ALT,1500,--,--,11246.85,--,--,5496.9495,-5749.9,--,Short,--
    Sell,1500,6/20/2025,7.5,11246.85,6/26/2025,3.66,5496.9495,-5749.9,0,Short,FIFO
ALTM,721.8,--,--,4258.5,--,--,3931.069985,-327.43,--,Short,--
    Sell,0.8,12/1/2023,5.9,4.72,1/4/2024,6.72,5.38,0.66,0,Short,FIFO
    Sell,721,12/1/2023,5.9,4253.78,3/1/2024,5.44,3925.689985,-328.09,0,Short,FIFO
AMD Jun 28 '24 $160 Call w,3,--,--,1351.53,--,--,1008.42,-343.11,--,Short,--
    Buy To Close,1,6/28/2024,4.51,450.51,6/17/2024,3.59,359.47,-91.04,0,Short,FIFO
    Buy To Close,2,6/28/2024,4.51,901.02,6/24/2024,3.24,648.95,-252.07,0,Short,FIFO
AMD Jul 12 '24 $172.50 Put w,2,--,--,71.02,--,--,594.96,523.94,--,Short,--
    Buy To Close,1,7/10/2024,0.36,35.51,7/8/2024,2.83,283.48,247.97,0,Short,FIFO
    Buy To Close,1,7/10/2024,0.36,35.51,7/8/2024,3.11,311.48,275.97,0,Short,FIFO
AMD Aug 23 '24 $149 Call w,2,--,--,801.02,--,--,650.96,-150.06,--,Short,--
    Buy To Close,1,8/23/2024,4.01,400.51,8/16/2024,3.25,325.48,-75.03,0,Short,FIFO
    Buy To Close,1,8/23/2024,4.01,400.51,8/16/2024,3.25,325.48,-75.03,0,Short,FIFO
AMD Feb 21 '25 $116 Call,4,--,--,2882.06,--,--,2261.86,-620.2,--,Short,--
    Sell To Close,4,1/29/2025,7.21,2882.06,2/3/2025,5.65,2261.86,-620.2,0,Short,FIFO
AMD Feb 21 '25 $120 Call,3,--,--,2731.56,--,--,2488.36,-243.2,--,Short,--
    Sell To Close,1,1/8/2025,9.11,910.52,1/21/2025,8.29,829.45,-81.07,0,Short,FIFO
    Sell To Close,1,1/8/2025,9.11,910.52,1/21/2025,8.29,829.45,-81.07,0,Short,FIFO
    Sell To Close,1,1/8/2025,9.11,910.52,1/21/2025,8.29,829.46,-81.06,0,Short,FIFO
AMD,1200,--,--,196643.79,--,--,199550.22,2906.43,--,Mixed,--
    Sell,100,6/5/2024,165.75,16574.52,6/7/2024,167.5,16749.52,175,0,Short,FIFO
    Sell,100,7/18/2024,176.31,17630.53,7/29/2025,180.64,18064.48,433.95,0,Long,Specific Lot
    Sell,100,11/4/2024,140.64,14064.48,11/11/2024,147.81,14781.08,716.6,0,Short,Specific Lot
    Sell,100,8/9/2024,139.16,13915.53,8/23/2024,152.56,15255.56,1340.03,0,Short,Specific Lot
    Sell,100,7/17/2024,167.13,16713,8/23/2024,152.56,15255.56,-1457.44,0,Short,Specific Lot
    Options Assignment,300,6/14/2024,163.17,48949.58,7/12/2024,167.44,50232,1282.42,0,Short,FIFO
    Sell,100,6/7/2024,169.4,16940,6/7/2024,167.5,16749.52,-190.48,0,Short,FIFO
    Sell,100,6/6/2024,167.05,16705.09,6/7/2024,167.5,16749.51,44.42,0,Short,FIFO
    Sell,200,7/18/2024,175.76,35151.06,7/29/2025,178.56,35712.99,561.93,0,Long,Specific Lot
AMKR,1000,--,--,25085,--,--,25114.93,29.93,--,Short,--
    Sell,1000,7/29/2025,25.08,25085,7/29/2025,25.11,25114.93,29.93,0,Short,FIFO
AMZN,310,--,--,56910.64,--,--,56261.79,-648.85,--,Short,--
    Sell,20,7/1/2024,197.18,3943.7,7/9/2024,199.09,3981.79,38.09,0,Short,FIFO
    Options Assignment,100,7/12/2024,196.02,19601.5,8/16/2024,171.81,17180.99,-2420.51,0,Short,FIFO
    Sell,50,7/8/2024,201.1,10055,7/9/2024,199.09,9954.46,-100.54,0,Short,FIFO
    Sell,10,7/3/2024,198.06,1980.55,7/9/2024,199.09,1990.9,10.35,0,Short,FIFO
    Sell,10,7/3/2024,198.26,1982.6,7/9/2024,199.09,1990.89,8.29,0,Short,FIFO
    Sell,20,7/2/2024,197.61,3952.29,7/9/2024,199.09,3981.78,29.49,0,Short,FIFO
    Options Assignment,100,8/5/2024,153.95,15395,8/16/2024,171.81,17180.98,1785.98,0,Short,FIFO
ANET,500,--,--,53150,--,--,51799.92,-1350.08,--,Short,--
    Sell,500,7/9/2025,106.3,53150,7/10/2025,103.6,51799.92,-1350.08,0,Short,FIFO
APLD,9500,--,--,105952.85,--,--,103131.8383,-2821.01,--,Short,--
    Sell,1000,6/16/2025,11.64,11645,6/18/2025,10.84,10839.83,-805.17,0,Short,FIFO
    Sell,40,7/31/2025,12.89,515.63,7/31/2025,12.93,517.19336,1.56,--,Short,FIFO
    Sell,198,7/31/2025,12.89,2552.38,7/31/2025,12.93,2560.107132,7.73,--,Short,FIFO
    Sell,44,7/31/2025,12.89,567.2,7/31/2025,12.92,568.472696,1.28,--,Short,FIFO
    Sell,40,7/31/2025,12.89,515.63,7/31/2025,12.93,517.19336,1.56,--,Short,FIFO
    Sell,253,7/31/2025,12.89,3261.37,7/31/2025,12.93,3271.248002,9.88,--,Short,FIFO
    Sell,227,7/31/2025,12.9,2929.44,7/31/2025,12.93,2936.207318,6.77,--,Short,FIFO
    Sell,154,7/31/2025,12.9,1987.37,7/31/2025,12.93,1991.964436,4.59,--,Short,FIFO
    Sell,100,7/31/2025,12.9,1290.5,7/31/2025,12.93,1293.4834,2.98,--,Short,FIFO
    Sell,346,7/31/2025,12.9,4465.13,7/31/2025,12.93,4475.452564,10.32,--,Short,FIFO
    Sell,185,7/31/2025,12.89,2384.8,7/31/2025,12.93,2392.01929,7.22,--,Short,FIFO
    Sell,34,7/31/2025,12.89,438.29,7/31/2025,12.93,439.614356,1.33,--,Short,FIFO
    Sell,140,7/31/2025,12.89,1804.71,7/31/2025,12.93,1810.17676,5.46,--,Short,FIFO
    Sell,500,6/16/2025,11.61,5804.25,6/18/2025,10.84,5419.92,-384.33,0,Short,FIFO
    Sell,1000,6/26/2025,10.15,10145.4,6/27/2025,10.35,10349.83,204.43,0,Short,FIFO
    Sell,1000,6/26/2025,10.17,10170,6/27/2025,10.35,10349.84,179.84,0,Short,FIFO
    Sell,1000,6/26/2025,10.65,10645.4,6/27/2025,10.35,10349.83,-295.57,0,Short,FIFO
    Sell,1000,6/30/2025,10.72,10718.5,7/2/2025,10.55,10549.83,-168.67,0,Short,FIFO
    Sell,1000,6/30/2025,10.72,10718.5,7/8/2025,9.72,9723.63,-994.87,0,Short,FIFO
    Sell,250,6/30/2025,10.31,2577.5,7/8/2025,9.68,2419.99,-157.51,0,Short,FIFO
    Sell,750,6/30/2025,10.31,7732.5,7/8/2025,9.69,7264.91025,-467.59,0,Short,FIFO
    Sell,66,7/31/2025,12.89,850.79,7/31/2025,12.93,853.369044,2.58,--,Short,FIFO
    Sell,173,7/31/2025,12.9,2232.56,7/31/2025,12.93,2237.726282,5.16,--,Short,FIFO
APPS,3000,--,--,15939.21,--,--,15968.5897,29.38,--,Short,--
    Sell,1000,2/21/2025,4.88,4879.9,6/2/2025,4.88,4879.93,0.03,0,Short,FIFO
    Sell,100,6/24/2025,5.52,552.5,6/25/2025,5.53,553.41,0.91,0,Short,FIFO
    Sell,900,6/24/2025,5.53,4976.91,6/25/2025,5.53,4980.7197,3.81,0,Short,FIFO
    Sell,1000,6/24/2025,5.53,5529.9,6/25/2025,5.55,5554.53,24.63,0,Short,FIFO
ASAN,4300,--,--,69723.46,--,--,72543.02897,2819.57,--,Short,--
    Sell,726,10/4/2024,11.48,8333.83,10/25/2024,11.85,8602.8096,268.98,0,Short,FIFO
    Sell,500,1/23/2025,19.94,9970,1/27/2025,19.22,9608.65,-361.35,0,Short,FIFO
    Sell,500,1/3/2025,20.61,10304.6,1/6/2025,22.31,11156.7,852.1,0,Short,FIFO
    Sell,1000,1/3/2025,20.22,20217.9,1/6/2025,22.31,22313.41,2095.51,0,Short,FIFO
    Sell,1274,10/4/2024,11.48,14624.37,10/25/2024,11.85,15096.26937,471.9,0,Short,FIFO
    Sell,300,1/24/2025,20.91,6272.76,1/27/2025,19.22,5765.19,-507.57,0,Short,FIFO
BABA,1200,--,--,125459.71,--,--,128689.0999,3229.39,--,Mixed,--
    Sell,300,7/25/2023,96.67,29000.7,9/24/2024,94.67,28401.66,-599.04,0,Long,FIFO
    Sell,300,6/24/2025,116.08,34824,7/21/2025,120,35999.9799,1175.98,0,Short,FIFO
    Sell,200,7/10/2025,106.66,21333,7/11/2025,106.77,21353.03,20.03,0,Short,Specific Lot
    Sell,100,11/15/2023,86.49,8648.51,9/24/2024,94.67,9467.22,818.71,0,Short,FIFO
    Sell,100,11/14/2023,83.56,8355.5,9/24/2024,94.67,9467.22,1111.72,0,Short,FIFO
    Sell,200,7/15/2025,116.49,23298,7/21/2025,120,23999.99,701.99,0,Short,FIFO
BBAI,6000,--,--,34379.5,--,--,42136.57,7757.07,--,Short,--
    Sell,500,2/5/2025,5.19,2594.95,2/5/2025,6.36,3179.83,584.88,0,Short,FIFO
    Sell,1000,6/26/2025,5.27,5270,7/3/2025,7.58,7579.83,2309.83,0,Short,FIFO
    Sell,500,6/26/2025,5.27,2635,7/3/2025,7.93,3965.37,1330.37,0,Short,FIFO
    Sell,500,6/26/2025,5.27,2635,7/2/2025,7.53,3767.22,1132.22,0,Short,FIFO
    Sell,1000,6/26/2025,5.27,5270,6/30/2025,6.98,6984.83,1714.83,0,Short,FIFO
    Sell,500,2/5/2025,5.19,2594.95,2/5/2025,7.16,3579.82,984.87,0,Short,FIFO
    Sell,2000,7/11/2025,6.69,13379.6,7/11/2025,6.54,13079.67,-299.93,0,Short,FIFO
BBIO,2800,--,--,102100.83,--,--,105595.1996,3494.37,--,Short,--
    Sell,797,4/30/2025,37.87,30178.8,5/1/2025,37.22,29663.37962,-515.42,0,Short,FIFO
    Sell,3,4/30/2025,37.88,113.63,5/1/2025,37.22,111.66,-1.97,0,Short,FIFO
    Sell,1000,5/12/2025,35.79,35788.9,6/5/2025,37.97,37969.83,2180.93,0,Short,FIFO
    Sell,1000,5/12/2025,36.02,36019.5,6/5/2025,37.85,37850.33,1830.83,0,Short,FIFO
BCRX,1800,--,--,18493.92,--,--,18277.47,-216.45,--,Short,--
    Sell,800,5/5/2025,10.38,8303.92,5/9/2025,10.15,8123.32,-180.6,0,Short,FIFO
    Sell,1000,5/8/2025,10.19,10190,5/9/2025,10.15,10154.15,-35.85,0,Short,FIFO
BE,1000,--,--,24889.9,--,--,24981.53997,91.64,--,Short,--
    Sell,829,7/18/2025,24.89,20633.73,7/22/2025,24.98,20708.2799,74.55,0,Short,FIFO
    Sell,171,7/18/2025,24.89,4256.17,7/22/2025,24.99,4273.260075,17.09,0,Short,FIFO
BIDU Oct 11 '24 $110 Put w,3,--,--,1120.53,--,--,1132.419999,11.89,--,Short,--
    Buy To Close,3,10/7/2024,3.74,1120.53,10/4/2024,3.77,1132.419999,11.89,0,Short,FIFO
BIDU Feb 21 '25 $92 Call,3,--,--,3.05,--,--,682.419999,679.37,--,Short,--
    Buy To Close,3,2/21/2025,0.01,3.05,2/18/2025,2.27,682.419999,679.37,0,Short,FIFO
BIDU,900,--,--,92022.07,--,--,87602.61,-4419.46,--,Short,--
    Sell,200,5/16/2024,112.48,22495,10/2/2024,114,22799.43,304.43,0,Short,FIFO
    Sell,200,5/16/2024,112.98,22596,10/2/2024,114,22799.43,203.43,0,Short,FIFO
    Sell,300,2/10/2025,93.9,28170,3/3/2025,84.01,25202.25,-2967.75,0,Short,FIFO
    Sell,200,2/21/2025,93.81,18761.07,3/3/2025,84.01,16801.5,-1959.57,0,Short,FIFO
BILI,5500,--,--,103849.7,--,--,104813.4299,963.73,--,Short,--
    Sell,807,1/24/2025,16.44,13267.08,1/27/2025,16.97,13695.47999,428.4,0,Short,FIFO
    Sell,500,2/26/2025,22.11,11055,3/3/2025,19.66,9829.69,-1225.31,0,Short,FIFO
    Sell,300,2/20/2025,22.72,6815.97,3/3/2025,19.66,5897.82,-918.15,0,Short,FIFO
    Sell,500,2/20/2025,22.72,11359.95,3/3/2025,19.66,9830.14,-1529.81,0,Short,FIFO
    Sell,200,2/13/2025,19.34,3867.98,2/14/2025,21.8,4360.85,492.87,0,Short,FIFO
    Sell,300,2/13/2025,19.34,5800.5,2/14/2025,21.8,6541.26,740.76,0,Short,FIFO
    Sell,1000,2/6/2025,18.32,18319,2/14/2025,21.8,21804.23,3485.23,0,Short,FIFO
    Sell,500,1/31/2025,17.05,8524.3,2/3/2025,17.07,8534.68,10.38,0,Short,FIFO
    Sell,1000,1/28/2025,17.12,17125,1/29/2025,17.11,17112.15,-12.85,0,Short,FIFO
    Sell,193,1/24/2025,16.44,3172.92,1/27/2025,16.97,3275.079918,102.16,0,Short,FIFO
    Sell,200,2/20/2025,22.71,4542,3/3/2025,19.66,3932.05,-609.95,0,Short,FIFO
BLUE,1500,--,--,2107.5,--,--,2182.23,74.73,--,Short,--
    Sell,1500,12/22/2023,1.4,2107.5,1/8/2024,1.45,2182.23,74.73,0,Short,FIFO
BMBL,650,--,--,9779.32,--,--,5193.240103,-4586.08,--,Short,--
    Sell,300,12/18/2023,14.8,4438.5,11/7/2024,7.99,2396.88,-2041.62,0,Short,FIFO
    Sell,100,12/18/2023,15.11,1511,11/7/2024,7.99,798.96,-712.04,0,Short,FIFO
    Sell,227,12/19/2023,15.32,3477.57,11/7/2024,7.99,1813.640108,-1663.93,0,Short,FIFO
    Sell,23,12/19/2023,15.32,352.25,11/7/2024,7.99,183.759995,-168.49,0,Short,FIFO
BMNR,500,--,--,21077.35,--,--,20701.62986,-375.72,--,Short,--
    Sell,12,7/24/2025,42.16,505.86,7/24/2025,41.45,497.4,-8.46,0,Short,FIFO
    Sell,88,7/24/2025,42.15,3709.61,7/24/2025,41.44,3646.709968,-62.9,0,Short,FIFO
    Sell,79,7/24/2025,42.15,3330.22,7/24/2025,41.41,3271.379967,-58.84,0,Short,FIFO
    Sell,321,7/24/2025,42.15,13531.66,7/24/2025,41.39,13286.13992,-245.52,0,Short,FIFO
BMRN,300,--,--,21014.88,--,--,20622.87,-392.01,--,Short,--
    Sell,300,2/26/2025,70.05,21014.88,2/27/2025,68.74,20622.87,-392.01,0,Short,FIFO
BMY,2000,--,--,113559.9,--,--,115661.44,2101.54,--,Short,--
    Sell,1000,11/18/2024,56.79,56789.9,12/3/2024,59.11,59111.18,2321.28,0,Short,FIFO
    Sell,100,12/16/2024,56.77,5677,12/17/2024,56.55,5654.83,-22.17,0,Short,FIFO
    Sell,500,12/16/2024,56.77,28385,12/17/2024,56.55,28274.13,-110.87,0,Short,FIFO
    Sell,400,12/16/2024,56.77,22708,12/17/2024,56.55,22621.3,-86.7,0,Short,FIFO
BNAI,3000,--,--,1950,--,--,1979.439,29.44,--,Short,--
    Sell,3000,2/10/2025,0.65,1950,2/10/2025,0.66,1979.439,29.44,0,Short,FIFO
BULL,1000,--,--,11055,--,--,10974.83,-80.17,--,Short,--
    Sell,1000,6/4/2025,11.06,11055,6/5/2025,10.97,10974.83,-80.17,0,Short,FIFO
CFLT,2800,--,--,75316.63,--,--,73901.41014,-1415.22,--,Short,--
    Sell,500,2/20/2025,32.48,16239.9,2/27/2025,32.5,16249.46,9.56,0,Short,FIFO
    Sell,1000,7/2/2025,25.64,25640,7/9/2025,25.56,25559.83,-80.17,0,Short,FIFO
    Sell,296,3/7/2025,26.11,7727.23,3/12/2025,26.17,7747.590136,20.36,0,Short,FIFO
    Sell,4,3/7/2025,26.1,104.4,3/12/2025,26.18,104.7,0.3,0,Short,FIFO
    Sell,1000,7/2/2025,25.61,25605.1,7/10/2025,24.24,24239.83,-1365.27,0,Short,FIFO
CIEN,100,--,--,6094,--,--,6098.93,4.93,--,Short,--
    Sell,100,3/1/2024,60.94,6094,3/5/2024,60.99,6098.93,4.93,0,Short,FIFO
COHR,1500,--,--,107759.69,--,--,114922.0098,7162.32,--,Short,--
    Sell,100,3/1/2024,63.54,6354,3/12/2024,63.39,6339.42,-14.58,0,Short,FIFO
    Sell,200,5/8/2025,70.76,14152,6/5/2025,81.25,16249.97,2097.97,0,Short,FIFO
    Sell,200,5/8/2025,68.57,13714,6/5/2025,81.25,16249.96,2535.96,0,Short,FIFO
    Sell,200,5/8/2025,67.89,13578.76,6/5/2025,81.25,16249.97,2671.21,0,Short,FIFO
    Sell,100,8/2/2024,58.65,5865,8/9/2024,61.05,6104.81,239.81,0,Short,FIFO
    Sell,100,3/12/2024,62.4,6239.63,3/22/2024,63.28,6327.92,88.29,0,Short,FIFO
    Sell,600,6/6/2025,79.76,47856.3,6/13/2025,79,47399.9598,-456.34,0,Short,FIFO
COIN,200,--,--,52190.17,--,--,57498.93,5308.76,--,Short,--
    Options Assignment,100,6/16/2025,260.44,26044.17,6/20/2025,287.49,28749.47,2705.3,0,Short,FIFO
    Options Assignment,100,6/16/2025,261.46,26146,6/20/2025,287.49,28749.46,2603.46,0,Short,FIFO
COMM,2000,--,--,16250,--,--,15899.67,-350.33,--,Short,--
    Sell,2000,7/23/2025,8.12,16250,7/24/2025,7.95,15899.67,-350.33,0,Short,FIFO
CORZ,800,--,--,8881,--,--,8955.6199,74.62,--,Short,--
    Sell,500,9/13/2024,11.04,5522.5,9/17/2024,11.19,5597.26,74.76,0,Short,FIFO
    Sell,300,9/13/2024,11.2,3358.5,9/17/2024,11.19,3358.3599,-0.14,0,Short,FIFO
COUR,7400,--,--,62356.96,--,--,62105.17992,-251.78,--,Short,--
    Sell,249,12/2/2024,8.36,2080.82,12/9/2024,8.44,2101.459902,20.64,0,Short,FIFO
    Sell,20,11/27/2024,8.26,165.3,12/9/2024,8.45,169.01,3.71,0,Short,FIFO
    Sell,100,12/4/2024,8.61,860.99,12/10/2024,8.53,853.02,-7.97,0,Short,FIFO
    Sell,1400,12/9/2024,8.34,11669,12/10/2024,8.53,11942.2702,273.27,0,Short,FIFO
    Sell,1000,12/9/2024,8.57,8570,12/13/2024,8.15,8150.3,-419.7,0,Short,FIFO
    Sell,900,12/4/2024,8.61,7748.91,12/9/2024,8.49,7642.3401,-106.57,0,Short,FIFO
    Sell,1951,12/2/2024,8.36,16303.92,12/9/2024,8.46,16504.6796,200.76,0,Short,FIFO
    Sell,20,11/27/2024,8.26,165.3,12/9/2024,8.46,169.21,3.91,0,Short,FIFO
    Sell,300,12/4/2024,8.61,2582.97,12/9/2024,8.44,2531.88,-51.09,0,Short,FIFO
    Sell,100,11/27/2024,8.27,826.76,12/9/2024,8.46,845.96,19.2,0,Short,FIFO
    Sell,60,11/27/2024,8.26,495.9,12/9/2024,8.46,507.58002,11.68,0,Short,FIFO
    Sell,300,11/27/2024,8.27,2479.89,12/9/2024,8.46,2537.8701,57.98,0,Short,FIFO
    Sell,1000,12/11/2024,8.41,8407.2,12/13/2024,8.15,8149.6,-257.6,0,Short,FIFO
CPNG,2000,--,--,53138.4,--,--,56119.66,2981.26,--,Short,--
    Sell,1000,5/13/2025,26.57,26568.4,6/10/2025,28.11,28114.83,1546.43,0,Short,FIFO
    Sell,1000,5/13/2025,26.57,26570,6/10/2025,28,28004.83,1434.83,0,Short,FIFO
CRDO,400,--,--,29594.88,--,--,27984.53,-1610.35,--,Short,--
    Sell,200,6/9/2025,73.54,14708,6/10/2025,69.96,13992.27,-715.73,0,Short,FIFO
    Sell,200,6/9/2025,74.43,14886.88,6/10/2025,69.96,13992.26,-894.62,0,Short,FIFO
CZR,500,--,--,15433.84,--,--,15125.6699,-308.17,--,Short,--
    Sell,300,7/10/2025,31.06,9316.68,7/16/2025,30.25,9075.3999,-241.28,0,Short,FIFO
    Sell,200,7/14/2025,30.59,6117.16,7/16/2025,30.25,6050.27,-66.89,0,Short,FIFO
DDD,5000,--,--,22650,--,--,22773.519,123.52,--,Short,--
    Sell,2000,2/11/2025,4.53,9060,2/13/2025,4.54,9079.41,19.41,0,Short,FIFO
    Sell,3000,2/11/2025,4.53,13590,2/13/2025,4.56,13694.109,104.11,0,Short,FIFO
DDOG,700,--,--,89924.34,--,--,88966.94,-957.4,--,Short,--
    Sell,400,6/4/2025,121.36,48543.84,6/9/2025,118.89,47555.93,-987.91,0,Short,FIFO
    Sell,200,7/11/2025,137.94,27587,7/11/2025,138,27599.97,12.97,0,Short,FIFO
    Sell,100,7/11/2025,137.94,13793.5,7/11/2025,138.11,13811.04,17.54,0,Short,FIFO
DIS,1000,--,--,91486.99,--,--,114312.1201,22825.13,--,Mixed,--
    Sell,100,2/9/2024,108.12,10812.5,11/20/2024,113.43,11342.56,530.06,0,Short,Specific Lot
    Sell,50,7/19/2023,87.3,4364.81,11/22/2024,114.69,5734.59,1369.78,0,Long,FIFO
    Sell,100,7/19/2023,87.3,8729.62,11/22/2024,114.69,11468.66,2739.04,0,Long,FIFO
    Sell,100,7/19/2023,87.3,8729.62,11/22/2024,114.61,11460.8,2731.18,0,Long,FIFO
    Sell,100,7/19/2023,87.3,8729.57,11/22/2024,114.65,11464.56,2734.99,0,Long,FIFO
    Sell,50,7/19/2023,87.3,4364.79,11/22/2024,114.67,5733.34,1368.55,0,Long,FIFO
    Sell,50,7/18/2023,86.1,4304.86,11/22/2024,114.67,5733.34,1428.48,0,Long,FIFO
    Sell,100,7/18/2023,86.1,8609.72,11/22/2024,114.48,11447.66,2837.94,0,Long,FIFO
    Sell,100,8/1/2023,89.29,8929,11/21/2024,113.87,11387.31,2458.31,0,Long,Specific Lot
    Sell,100,2/9/2024,108.43,10843,11/20/2024,113.36,11335.52,492.52,0,Short,Specific Lot
    Sell,150,11/8/2023,87.13,13069.5,11/22/2024,114.69,17203.78005,4134.28,0,Long,FIFO
DJT,200,--,--,6298.74,--,--,5771.8,-526.94,--,Short,--
    Sell,200,11/18/2024,31.49,6298.74,11/21/2024,28.86,5771.8,-526.94,0,Short,FIFO
DKNG,1300,--,--,51775.94,--,--,55578.4499,3802.51,--,Short,--
    Sell,500,6/18/2025,38.56,19277.5,6/25/2025,43.02,21511.17,2233.67,0,Short,FIFO
    Options Assignment,500,6/18/2025,38.56,19277.5,7/11/2025,41.67,20837.33,1559.83,0,Short,FIFO
    Sell,300,7/10/2025,44.07,13220.94,7/11/2025,44.1,13229.9499,9.01,0,Short,Specific Lot
DOCN,600,--,--,27052.08,--,--,27167.1402,115.06,--,Short,--
    Sell,600,2/7/2025,45.09,27052.08,2/12/2025,45.28,27167.1402,115.06,0,Short,FIFO
DOCS,1800,--,--,115209.47,--,--,116863.15,1653.68,--,Short,--
    Sell,100,11/25/2024,48.93,4893.24,12/9/2024,54.82,5481.83,588.59,0,Short,FIFO
    Sell,200,11/25/2024,49.36,9872.46,12/9/2024,54.82,10963.66,1091.2,0,Short,FIFO
    Sell,200,11/25/2024,49.37,9874.42,12/9/2024,54.82,10963.66,1089.24,0,Short,FIFO
    Sell,200,11/25/2024,49.26,9852.4,12/9/2024,54.82,10963.67,1111.27,0,Short,FIFO
    Sell,100,11/25/2024,49.17,4916.85,12/9/2024,54.82,5481.83,564.98,0,Short,FIFO
    Sell,1000,2/12/2025,75.8,75800.1,2/13/2025,73.01,73008.5,-2791.6,0,Short,FIFO
DOCU,1400,--,--,91310.32,--,--,92131.74001,821.42,--,Short,--
    Sell,200,6/8/2023,61.72,12343.98,4/26/2024,57.47,11493.88,-850.1,0,Short,FIFO
    Sell,7,2/13/2025,88.83,621.81,2/14/2025,86.63,606.379998,-15.43,0,Short,FIFO
    Sell,93,2/13/2025,88.83,8261.19,2/14/2025,86.64,8057.270016,-203.92,0,Short,FIFO
    Sell,100,2/2/2024,57.62,5762,4/26/2024,57.47,5746.94,-15.06,0,Short,FIFO
    Sell,100,12/7/2023,48.19,4818.99,4/26/2024,57.47,5746.93,927.94,0,Short,FIFO
    Sell,100,12/7/2023,48.5,4850,4/26/2024,57.47,5746.94,896.94,0,Short,FIFO
    Sell,100,12/7/2023,48.66,4866.37,4/26/2024,57.47,5746.94,880.57,0,Short,FIFO
    Sell,200,7/13/2023,53.94,10787,4/26/2024,57.47,11493.87,706.87,0,Short,FIFO
    Sell,200,6/8/2023,61.75,12349.98,4/26/2024,57.47,11493.87,-856.11,0,Short,FIFO
    Sell,300,2/13/2025,88.83,26649,2/14/2025,86.66,25998.72,-650.28,0,Short,FIFO
EDIT,500,--,--,5457.75,--,--,5441.86,-15.89,--,Short,--
    Sell,400,12/22/2023,10.92,4366.2,2/28/2024,10.8,4319.89,-46.31,0,Short,FIFO
    Sell,100,12/22/2023,10.92,1091.55,2/28/2024,11.22,1121.97,30.42,0,Short,FIFO
ENVX,1000,--,--,15076.4,--,--,14559.83,-516.57,--,Short,--
    Sell,1000,7/28/2025,15.08,15076.4,7/29/2025,14.56,14559.83,-516.57,0,Short,FIFO
ESTC,400,--,--,44992,--,--,43806.71,-1185.29,--,Short,--
    Sell,400,12/2/2024,112.48,44992,12/9/2024,109.52,43806.71,-1185.29,0,Short,FIFO
ETH,1000,--,--,24689.81,--,--,31108.43003,6418.62,--,Short,--
    Sell,100,7/8/2025,24.69,2468.9,7/14/2025,28.51,2850.51,381.61,0,Short,FIFO
    Sell,150,7/8/2025,24.69,3703.49,7/23/2025,33.87,5080.63005,1377.14,0,Short,FIFO
    Sell,50,7/8/2025,24.69,1234.49,7/23/2025,33.88,1693.99,459.5,0,Short,FIFO
    Sell,30,7/8/2025,24.69,740.7,7/14/2025,28.36,850.8,110.1,0,Short,FIFO
    Sell,170,7/8/2025,24.69,4197.28,7/14/2025,28.36,4821.34008,624.06,0,Short,FIFO
    Sell,200,7/8/2025,24.69,4937.98,7/14/2025,28.51,5701.03,763.05,0,Short,FIFO
    Sell,300,7/8/2025,24.69,7406.97,7/23/2025,33.7,10110.1299,2703.16,0,Short,FIFO
ETHE,1000,--,--,20840,--,--,21660.53,820.53,--,Short,--
    Sell,1000,6/30/2025,20.84,20840,7/8/2025,21.66,21660.53,820.53,0,Short,FIFO
EVGO,4000,--,--,14707.7,--,--,14846.519,138.82,--,Short,--
    Sell,500,5/6/2025,3.68,1839.95,5/7/2025,3.69,1844.87,4.92,0,Short,FIFO
    Sell,1500,5/6/2025,3.68,5514.75,5/7/2025,3.69,5534.589,19.84,0,Short,FIFO
    Sell,2000,5/6/2025,3.68,7353,5/7/2025,3.73,7467.06,114.06,0,Short,FIFO
FARM,2000,--,--,4699.8,--,--,4298.5292,-401.27,--,Short,--
    Sell,100,2/7/2025,2.35,234.99,2/7/2025,2.14,213.97,-21.02,0,Short,FIFO
    Sell,1900,2/7/2025,2.35,4464.81,2/7/2025,2.15,4084.5592,-380.25,0,Short,FIFO
FGEN,5000,--,--,4463.5,--,--,4151.068848,-312.43,--,Short,--
    Sell,800,2/20/2025,0.89,714.16,2/20/2025,0.83,665.4896,-48.67,0,Short,FIFO
    Sell,1772,2/20/2025,0.89,1581.86,2/20/2025,0.83,1470.419776,-111.44,0,Short,FIFO
    Sell,400,2/20/2025,0.89,357.08,2/20/2025,0.83,331.92,-25.16,0,Short,FIFO
    Sell,428,2/20/2025,0.89,382.08,2/20/2025,0.83,355.549872,-26.53,0,Short,FIFO
    Sell,1600,2/20/2025,0.89,1428.32,2/20/2025,0.83,1327.6896,-100.63,0,Short,FIFO
FRSH,2000,--,--,32978.6,--,--,33001.02107,22.42,--,Short,--
    Sell,1610,11/11/2024,16.49,26547.77,11/13/2024,16.5,26564.31092,16.54,0,Short,FIFO
    Sell,390,11/11/2024,16.49,6430.83,11/13/2024,16.5,6436.71015,5.88,0,Short,FIFO
FSLY,1000,--,--,9540,--,--,9770.25,230.25,--,Short,--
    Sell,1000,1/3/2025,9.54,9540,1/7/2025,9.77,9770.25,230.25,0,Short,FIFO
GOGO,3000,--,--,48261.9,--,--,47193.4995,-1068.4,--,Short,--
    Sell,1000,7/17/2025,16.09,16087.3,7/21/2025,15.98,15979.83,-107.47,0,Short,FIFO
    Sell,500,7/17/2025,16.09,8043.65,7/21/2025,15.99,7993.92,-49.73,0,Short,FIFO
    Sell,1500,7/17/2025,16.09,24130.95,7/22/2025,15.48,23219.7495,-911.2,0,Short,FIFO
GOOGL Jul 26 '24 $185 Call w,10,--,--,90.11,--,--,4844.72,4754.61,--,Short,--
    Buy To Close,10,7/24/2024,0.09,90.11,7/23/2024,4.84,4844.72,4754.61,0,Short,FIFO
GOOGL Jan 17 '25 $195 Call,4,--,--,822.08,--,--,577.89,-244.19,--,Short,--
    Buy To Close,4,1/15/2025,2.06,822.08,1/15/2025,1.44,577.89,-244.19,0,Short,FIFO
GOOGL Feb 07 '25 $210 Call w,3,--,--,6.05,--,--,1396.400001,1390.35,--,Short,--
    Buy To Close,3,2/5/2025,0.02,6.05,2/4/2025,4.65,1396.400001,1390.35,0,Short,FIFO
GOOGL Mar 14 '25 $175 Call w,6,--,--,0,--,--,1796.830002,1796.83,--,Short,--
    Options Expiration,6,3/14/2025,0,0,3/7/2025,2.99,1796.830002,1796.83,0,Short,FIFO
GOOGL Jul 18 '25 $180 Call,5,--,--,1187.58,--,--,1087.41,-100.17,--,Short,--
    Buy To Close,5,7/11/2025,2.38,1187.58,7/9/2025,2.17,1087.41,-100.17,0,Short,FIFO
GOOGL Jul 18 '25 $182.50 Call,5,--,--,942.58,--,--,952.409999,9.83,--,Short,--
    Buy To Close,1,7/15/2025,1.89,188.52,7/15/2025,1.9,190.48,1.96,0,Short,FIFO
    Buy To Close,3,7/15/2025,1.89,565.54,7/15/2025,1.9,571.449999,5.91,0,Short,FIFO
    Buy To Close,1,7/15/2025,1.89,188.52,7/15/2025,1.9,190.48,1.96,0,Short,FIFO
GOOGL,2200,--,--,329336.08,--,--,408141.64,78805.56,--,Mixed,--
    Sell,100,11/5/2024,169.85,16985,12/2/2024,170.5,17049.5,64.5,0,Short,Specific Lot
    Sell,100,7/5/2023,122.1,12209.83,1/27/2025,194.42,19441.93,7232.1,0,Long,FIFO
    Sell,100,7/13/2023,123.05,12305,1/28/2025,194.66,19466.43,7161.43,0,Long,FIFO
    Sell,100,7/19/2023,122.7,12270,2/4/2025,192.25,19224.53,6954.53,0,Long,FIFO
    Sell,100,12/4/2023,128.13,12813,2/4/2025,192.25,19224.53,6411.53,0,Long,FIFO
    Sell,100,2/28/2024,136.59,13658.66,2/4/2025,192.25,19224.52,5565.86,0,Short,FIFO
    Sell,100,9/11/2024,150.77,15077,2/4/2025,192.25,19224.53,4147.53,0,Short,FIFO
    Sell,100,9/11/2024,150.77,15077,7/16/2025,182.34,18234.48,3157.48,0,Short,FIFO
    Sell,200,9/11/2024,151.28,30256.76,7/16/2025,182.34,36468.97,6212.21,0,Short,FIFO
    Sell,100,7/5/2023,122.1,12209.83,1/27/2025,194.95,19495.02,7285.19,0,Long,FIFO
    Options Assignment,200,6/30/2023,119.92,23983,1/17/2025,196.31,39261.82,15278.82,0,Long,FIFO
    Sell,100,11/5/2024,169.85,16985,12/2/2024,170.96,17096.5,111.5,0,Short,Specific Lot
    Sell,1,11/5/2024,169.85,169.85,12/2/2024,171.11,171.11,1.26,0,Short,Specific Lot
    Sell,66,11/5/2024,169.85,11210.1,12/2/2024,171.1,11292.93,82.83,0,Short,Specific Lot
    Sell,33,11/5/2024,169.85,5605.05,12/2/2024,171.09,5646.129984,41.08,0,Short,Specific Lot
    Sell,100,11/5/2024,169.85,16985,12/2/2024,170.91,17091,106,0,Short,Specific Lot
    Sell,100,4/29/2024,167,16699.87,12/9/2024,174.5,17450.49,750.62,0,Short,Specific Lot
    Sell,100,4/29/2024,165.99,16598.63,12/9/2024,174.64,17463.99,865.36,0,Short,Specific Lot
    Sell,200,8/5/2024,155.58,31115.7,1/15/2025,195.72,39144.26,8028.56,0,Short,Specific Lot
    Sell,200,2/13/2025,185.61,37121.8,7/16/2025,182.34,36468.97,-652.83,0,Short,FIFO
GRAB,16000,--,--,75555.7,--,--,75672.05,116.35,--,Short,--
    Sell,1000,3/26/2024,3.17,3169.4,4/16/2024,3.25,3254.8,85.4,0,Short,FIFO
    Sell,4000,6/10/2025,4.77,19073.2,6/17/2025,4.78,19139.34,66.14,0,Short,FIFO
    Sell,1000,2/10/2025,4.78,4775,2/14/2025,4.97,4969.69,194.69,0,Short,FIFO
    Sell,1000,2/5/2025,4.81,4810,2/14/2025,4.97,4969.7,159.7,0,Short,FIFO
    Sell,2000,2/4/2025,5.11,10219.8,2/14/2025,4.97,9939.39,-280.41,0,Short,FIFO
    Sell,6000,1/3/2025,4.79,28740,1/7/2025,4.77,28624.8,-115.2,0,Short,FIFO
    Sell,1000,6/10/2025,4.77,4768.3,6/27/2025,4.77,4774.33,6.03,0,Short,FIFO
GSAT,2000,--,--,49479.2,--,--,51925.56022,2446.36,--,Short,--
    Sell,500,7/3/2025,24.74,12369.8,7/3/2025,24.72,12359.97,-9.83,0,Short,FIFO
    Sell,500,7/3/2025,24.74,12369.8,7/9/2025,27.33,13665.22,1295.42,0,Short,FIFO
    Sell,361,7/3/2025,24.74,8931,7/21/2025,25.9,9350.38013,419.38,0,Short,FIFO
    Sell,639,7/3/2025,24.74,15808.6,7/21/2025,25.9,16549.99009,741.39,0,Short,FIFO
GTLB Dec 13 '24 $70 Call w,10,--,--,1195.12,--,--,1594.8,399.68,--,Short,--
    Buy To Close,10,12/9/2024,1.2,1195.12,12/6/2024,1.59,1594.8,399.68,0,Short,FIFO
GTLB,3100,--,--,179087.11,--,--,196427.15,17340.04,--,Short,--
    Sell,500,9/18/2024,51.6,25800,12/9/2024,69,34498.96,8698.96,0,Short,FIFO
    Sell,500,12/17/2024,59.81,29903.65,12/17/2024,59.75,29874.48,-29.17,0,Short,FIFO
    Sell,500,12/17/2024,59.81,29903.65,12/17/2024,59.96,29979.08,75.43,0,Short,FIFO
    Sell,100,12/27/2024,58.05,5805,1/3/2025,58.05,5804.82,-0.18,0,Short,FIFO
    Sell,100,12/27/2024,57.3,5729.53,1/3/2025,58.05,5804.82,75.29,0,Short,FIFO
    Sell,400,12/12/2024,62.51,25004,12/12/2024,62.8,25118.99,114.99,0,Short,FIFO
    Sell,100,12/10/2024,61.94,6194.1,12/12/2024,62.6,6259.81,65.71,0,Short,FIFO
    Sell,100,12/10/2024,63.44,6344,12/12/2024,62.6,6259.81,-84.19,0,Short,FIFO
    Sell,200,9/19/2024,52.53,10506.66,12/9/2024,69,13799.58,3292.92,0,Short,FIFO
    Sell,100,9/25/2024,52.21,5220.98,12/9/2024,69,6899.8,1678.82,0,Short,FIFO
    Sell,200,10/9/2024,51.84,10368.54,12/9/2024,69,13799.58,3431.04,0,Short,FIFO
    Sell,200,12/12/2024,62.51,12502,12/12/2024,62.6,12519.61,17.61,0,Short,FIFO
    Sell,100,12/27/2024,58.05,5805,1/3/2025,58.08,5807.81,2.81,0,Short,FIFO
HIMS,300,--,--,5105.04,--,--,5127.2799,22.24,--,Short,--
    Sell,300,9/24/2024,17.02,5105.04,9/25/2024,17.09,5127.2799,22.24,0,Short,FIFO
HIMX,1000,--,--,8499.8,--,--,8499.03,-0.77,--,Short,--
    Sell,1000,5/13/2025,8.5,8499.8,6/4/2025,8.5,8499.03,-0.77,0,Short,FIFO
HPE,1000,--,--,19676.55,--,--,19744.28,67.73,--,Short,--
    Sell,500,6/5/2024,19.67,9833.65,6/7/2024,19.74,9872.14,38.49,0,Short,FIFO
    Sell,500,6/6/2024,19.69,9842.9,6/7/2024,19.74,9872.14,29.24,0,Short,FIFO
IBM,400,--,--,100844,--,--,104022.63,3178.63,--,Short,--
    Sell,400,2/11/2025,252.11,100844,2/18/2025,260.06,104022.63,3178.63,0,Short,FIFO
INTC Feb 07 '25 $20 Call w,5,--,--,0,--,--,202.4,202.4,--,Short,--
    Options Expiration,5,2/7/2025,0,0,2/3/2025,0.4,202.4,202.4,0,Short,FIFO
INTC Jun 13 '25 $20 Put w,10,--,--,0,--,--,464.81,464.81,--,Short,--
    Options Expiration,10,6/13/2025,0,0,6/4/2025,0.46,464.81,464.81,0,Short,FIFO
INTC,26200,--,--,597323.89,--,--,614046.786,16722.9,--,Short,--
    Sell,500,6/7/2024,30.73,15365,6/11/2024,30.62,15310.24,-54.76,0,Short,FIFO
    Sell,100,6/11/2025,21.08,2107.88,6/27/2025,22.68,2268.12,160.24,0,Short,FIFO
    Sell,3000,6/27/2025,22.84,68516.7,6/27/2025,22.86,68594.499,77.8,0,Short,Specific Lot
    Sell,1900,6/11/2025,21.08,40049.72,6/25/2025,22.41,42580.5903,2530.87,0,Short,FIFO
    Sell,1000,6/9/2025,20.64,20638.9,6/25/2025,22.41,22410.83,1771.93,0,Short,FIFO
    Sell,1000,6/9/2025,20.64,20638.9,6/25/2025,22.51,22514.83,1875.93,0,Short,FIFO
    Sell,2900,6/25/2025,22.52,65304.23,6/27/2025,22.68,65775.5786,471.35,0,Short,FIFO
    Sell,2900,6/30/2025,22.38,64901.71,6/30/2025,22.43,65046.8086,145.1,0,Short,FIFO
    Sell,900,7/1/2025,22.45,20201.76,7/1/2025,22.9,20613.8997,412.14,0,Short,FIFO
    Sell,1000,7/1/2025,22.45,22446.4,7/1/2025,22.46,22461.13,14.73,0,Short,FIFO
    Sell,1000,6/30/2025,22.41,22409.9,7/1/2025,22.46,22461.14,51.24,0,Short,FIFO
    Sell,900,6/30/2025,22.41,20168.91,7/1/2025,22.44,20197.3797,28.47,0,Short,FIFO
    Sell,100,6/30/2025,22.38,2237.99,7/1/2025,22.44,2244.15,6.16,0,Short,FIFO
    Sell,2000,6/9/2025,20.58,41158.8,6/25/2025,22.51,45029.67,3870.87,0,Short,FIFO
    Sell,1000,6/3/2025,19.94,19939.9,6/4/2025,20.07,20070.03,130.13,0,Short,FIFO
    Sell,100,7/10/2024,34.88,3488.3,7/11/2024,34.3,3429.89,-58.41,0,Short,FIFO
    Sell,200,7/10/2024,34.72,6943,7/11/2024,34.3,6859.77,-83.23,0,Short,FIFO
    Sell,300,7/9/2024,34.04,10210.5,7/11/2024,34.3,10289.67,79.17,0,Short,FIFO
    Sell,300,7/5/2024,32.18,9653.4,7/11/2024,34.3,10289.6601,636.26,0,Short,FIFO
    Sell,500,6/7/2024,30.74,15367.5,6/11/2024,30.75,15376.09,8.59,0,Short,FIFO
    Sell,500,7/16/2024,34.34,17172.5,7/17/2024,35.86,17931.92,759.42,0,Short,FIFO
    Sell,500,7/23/2024,33.11,16554.95,7/24/2024,32.53,16264.46,-290.49,0,Short,FIFO
    Sell,1000,6/3/2025,19.89,19889.9,6/4/2025,20.14,20144.83,254.93,0,Short,FIFO
    Sell,1000,2/10/2025,20.02,20015,2/11/2025,21.69,21689.22,1674.22,0,Short,FIFO
    Sell,500,2/5/2025,19.46,9727.5,2/11/2025,21.77,10884.61,1157.11,0,Short,FIFO
    Sell,500,1/31/2025,19.96,9982.5,2/11/2025,21.77,10884.61,902.11,0,Short,FIFO
    Sell,500,1/29/2025,19.98,9987.5,1/30/2025,20.28,10139.68,152.18,0,Short,FIFO
    Sell,100,7/1/2025,22.45,2244.64,7/8/2025,22.83,2283.48,38.84,0,Short,FIFO
INVZ,4000,--,--,7837.6,--,--,6819.34,-1018.26,--,Short,--
    Sell,4000,7/24/2025,1.96,7837.6,7/29/2025,1.7,6819.34,-1018.26,0,Short,FIFO
IRBT,2000,--,--,17330.8,--,--,18960.94,1630.14,--,Short,--
    Sell,2000,2/10/2025,8.67,17330.8,2/11/2025,9.48,18960.94,1630.14,0,Short,FIFO
IWM,200,--,--,41211.25,--,--,41223.66,12.41,--,Short,--
    Sell,100,3/1/2024,206.19,20619.25,3/22/2024,206.12,20611.83,-7.42,0,Short,FIFO
    Sell,100,3/1/2024,205.92,20592,3/22/2024,206.12,20611.83,19.83,0,Short,FIFO
JOBY,3000,--,--,20631,--,--,21232.6496,601.65,--,Short,--
    Sell,200,10/2/2024,5.64,1127.6,10/4/2024,5.98,1196.93,69.33,0,Short,FIFO
    Sell,800,10/2/2024,5.64,4510.4,10/4/2024,5.98,4783.7296,273.33,0,Short,FIFO
    Sell,1000,10/3/2024,5.62,5615,10/4/2024,5.95,5951.66,336.66,0,Short,FIFO
    Sell,1000,6/9/2025,9.38,9378,6/10/2025,9.3,9300.33,-77.67,0,Short,FIFO
KWEB,3300,--,--,103668.92,--,--,103098.3304,-570.59,--,Short,--
    Sell,500,4/28/2023,28.1,14047.5,4/26/2024,28.67,14337.3,289.8,0,Short,FIFO
    Sell,1000,1/28/2025,31.1,31105,1/29/2025,31.22,31218.96,113.96,0,Short,FIFO
    Sell,500,7/25/2023,30,15002.5,4/26/2024,28.67,14337.3,-665.2,0,Short,FIFO
    Sell,500,7/25/2023,30.02,15010,4/26/2024,28.67,14337.3,-672.7,0,Short,FIFO
    Sell,800,7/15/2025,35.63,28503.92,7/21/2025,36.08,28867.4704,363.55,0,Short,FIFO
LASR,1000,--,--,20275,--,--,20298.32968,23.33,--,Short,--
    Sell,75,7/29/2025,20.28,1520.63,7/30/2025,20.31,1523.240025,2.61,0,Short,FIFO
    Sell,725,7/29/2025,20.27,14699.37,7/30/2025,20.29,14710.12965,10.76,0,Short,FIFO
    Sell,100,7/29/2025,20.28,2027.5,7/30/2025,20.33,2032.98,5.48,0,Short,FIFO
    Sell,100,7/29/2025,20.28,2027.5,7/30/2025,20.32,2031.98,4.48,0,Short,FIFO
LAZR,1500,--,--,6345,--,--,2189.8305,-4155.17,--,Short,--
    Sell,1500,10/17/2023,4.23,6345,8/2/2024,1.46,2189.8305,-4155.17,0,Short,FIFO
LBRT,400,--,--,5269.86,--,--,5195.89,-73.97,--,Short,--
    Sell,200,7/23/2025,12.82,2563.88,7/25/2025,12.99,2597.95,34.07,0,Short,FIFO
    Sell,200,7/23/2025,13.53,2705.98,7/25/2025,12.99,2597.94,-108.04,0,Short,FIFO
LITE,200,--,--,10330.84,--,--,11585.64,1254.8,--,Short,--
    Sell,200,4/22/2025,51.65,10330.84,4/23/2025,57.93,11585.64,1254.8,0,Short,FIFO
LSCC,1400,--,--,72455.02,--,--,73318.52,863.5,--,Short,--
    Sell,500,7/2/2025,51.61,25804,7/9/2025,52.77,26385.67,581.67,0,Short,FIFO
    Sell,500,7/2/2025,51.61,25804,7/9/2025,52.65,26324.92,520.92,0,Short,FIFO
    Sell,200,7/17/2025,52.05,10410.62,7/18/2025,51.52,10303.97,-106.65,0,Short,FIFO
    Sell,200,7/17/2025,52.18,10436.4,7/18/2025,51.52,10303.96,-132.44,0,Short,FIFO
LUMN,3000,--,--,18498.6,--,--,16559.03,-1939.57,--,Short,--
    Sell,1000,12/20/2024,6.14,6135,12/27/2024,5.52,5519.68,-615.32,0,Short,FIFO
    Sell,1000,12/20/2024,6.16,6165,12/27/2024,5.52,5519.67,-645.33,0,Short,FIFO
    Sell,1000,12/20/2024,6.2,6198.6,12/27/2024,5.52,5519.68,-678.92,0,Short,FIFO
LVS,500,--,--,20682,--,--,20932.33,250.33,--,Short,--
    Sell,500,9/18/2024,41.36,20682,9/20/2024,41.86,20932.33,250.33,0,Short,FIFO
LX,1000,--,--,12286.17,--,--,1834.80978,-10451.36,--,Long,--
    Sell,320,6/15/2021,12.28,3929.6,3/4/2024,1.83,587.13984,-3342.46,0,Long,FIFO
    Sell,300,6/15/2021,12.29,3686.97,3/4/2024,1.83,550.44,-3136.53,0,Long,FIFO
    Sell,180,6/15/2021,12.29,2212.2,3/4/2024,1.83,330.26994,-1881.93,0,Long,FIFO
    Sell,200,6/15/2021,12.29,2457.4,3/4/2024,1.83,366.96,-2090.44,0,Long,FIFO
LYFT,3500,--,--,58181.89,--,--,57927.81003,-254.08,--,Short,--
    Sell,485,7/16/2024,13.41,6506.27,7/17/2024,13.2,6401.74004,-104.53,0,Short,FIFO
    Sell,1600,11/14/2024,17.9,28648,11/14/2024,17.93,28688.5296,40.53,0,Short,FIFO
    Sell,20,11/14/2024,17.91,358.18,11/14/2024,17.93,358.61,0.43,0,Short,FIFO
    Sell,500,7/16/2024,13.42,6707.5,7/17/2024,13,6502.23,-205.27,0,Short,FIFO
    Sell,15,7/16/2024,13.42,201.23,7/17/2024,13.2,198.00999,-3.22,0,Short,FIFO
    Sell,880,11/14/2024,17.91,15760.71,11/14/2024,17.93,15778.6904,17.98,0,Short,FIFO
MDB,700,--,--,151193.97,--,--,145998.95,-5195.02,--,Short,--
    Sell,54,6/12/2025,215.18,11619.45,6/13/2025,207.43,11201.10001,-418.35,0,Short,FIFO
    Sell,46,6/12/2025,215.18,9898.05,6/13/2025,208.18,9576.36004,-321.69,0,Short,FIFO
    Sell,100,6/12/2025,215.18,21517.5,6/13/2025,207.94,20793.98,-723.52,0,Short,FIFO
    Sell,100,6/12/2025,215.18,21517.5,6/13/2025,207.92,20791.58,-725.92,0,Short,FIFO
    Sell,100,6/12/2025,215.18,21517.5,6/13/2025,207.92,20791.98,-725.52,0,Short,FIFO
    Sell,300,7/9/2025,217.08,65123.97,7/10/2025,209.48,62843.9499,-2280.02,0,Short,FIFO
ME,5000,--,--,18080.75,--,--,1938.61,-16142.14,--,Mixed,--
    Sell,1500,12/22/2021,6.96,10447.5,8/2/2024,0.39,581.58,-9865.92,0,Long,FIFO
    Sell,1000,1/14/2022,5.15,5148.5,8/2/2024,0.39,387.73,-4760.77,0,Long,FIFO
    Sell,2500,12/4/2023,0.99,2484.75,8/2/2024,0.39,969.3,-1515.45,0,Short,FIFO
MEI,2000,--,--,24761.43,--,--,24562.97027,-198.46,--,Short,--
    Sell,101,1/3/2025,12.24,1236.23,1/6/2025,12.39,1251.350004,15.12,0,Short,FIFO
    Sell,34,1/3/2025,12.5,425,1/15/2025,12.17,413.90002,-11.1,0,Short,FIFO
    Sell,145,1/3/2025,12.49,1811.05,1/15/2025,12.17,1765.139955,-45.91,0,Short,FIFO
    Sell,3,1/3/2025,12.49,37.46,1/15/2025,12.17,36.519999,-0.94,0,Short,FIFO
    Sell,899,1/3/2025,12.27,11030.37,1/6/2025,12.39,11138.22972,107.86,0,Short,FIFO
    Sell,818,1/3/2025,12.5,10221.32,1/15/2025,12.17,9957.830566,-263.49,0,Short,FIFO
MGM,1000,--,--,38334.95,--,--,33649.99,-4684.96,--,Short,--
    Sell,500,2/19/2025,38.42,19209.95,3/3/2025,33.65,16825,-2384.95,0,Short,FIFO
    Sell,500,2/20/2025,38.25,19125,3/3/2025,33.65,16824.99,-2300.01,0,Short,FIFO
MOS,1000,--,--,37678.49,--,--,37741.32937,62.84,--,Short,--
    Sell,995,7/2/2025,37.68,37490.11,7/8/2025,37.74,37552.61937,62.51,0,Short,FIFO
    Sell,5,7/2/2025,37.68,188.38,7/8/2025,37.74,188.71,0.33,0,Short,FIFO
MRVL Sep 27 '24 $73 Put w,4,--,--,154.05,--,--,639.92,485.87,--,Short,--
    Buy To Close,2,9/26/2024,0.39,77.03,9/20/2024,1.7,340.96,263.93,0,Short,FIFO
    Buy To Close,2,9/26/2024,0.39,77.02,9/20/2024,1.49,298.96,221.94,0,Short,FIFO
MRVL Jan 10 '25 $117 Call w,9,--,--,0,--,--,2740.21,2740.21,--,Short,--
    Options Expiration,5,1/10/2025,0,0,1/3/2025,3.04,1522.34,1522.34,0,Short,FIFO
    Options Expiration,4,1/10/2025,0,0,1/3/2025,3.04,1217.87,1217.87,0,Short,FIFO
MRVL Mar 14 '25 $74 Call w,2,--,--,0,--,--,798.93,798.93,--,Short,--
    Options Expiration,2,3/14/2025,0,0,3/6/2025,3.99,798.93,798.93,0,Short,FIFO
MRVL Jun 13 '25 $67 Put w,10,--,--,625.16,--,--,1184.81,559.65,--,Short,--
    Buy To Close,10,6/10/2025,0.63,625.16,6/6/2025,1.18,1184.81,559.65,0,Short,FIFO
MRVL,4450,--,--,323184.53,--,--,368804.6599,45620.13,--,Short,--
    Sell,100,3/1/2024,75.38,7538.34,3/4/2024,77.86,7786.42,248.08,0,Short,FIFO
    Sell,200,3/5/2025,74.99,14997.98,6/5/2025,66.03,13205.97,-1792.01,0,Short,FIFO
    Sell,100,2/14/2025,104.61,10461,2/18/2025,105.54,10553.69,92.69,0,Short,FIFO
    Sell,100,2/14/2025,104.06,10406.46,2/18/2025,105.54,10553.69,147.23,0,Short,FIFO
    Options Assignment,300,10/14/2024,77.18,23153.22,1/17/2025,119.31,35793.3801,12640.16,0,Short,FIFO
    Sell,200,4/1/2025,62.63,12526,6/5/2025,66.03,13205.96,679.96,0,Short,FIFO
    Sell,100,4/4/2025,50.46,5046.5,6/5/2025,66.03,6602.99,1556.49,0,Short,FIFO
    Sell,200,4/9/2025,53.79,10757.02,6/5/2025,66.03,13205.96,2448.94,0,Short,FIFO
    Sell,500,7/15/2025,74,36999.05,7/15/2025,72.87,36432.87,-566.18,0,Short,FIFO
    Sell,30,7/15/2025,74,2219.94,7/15/2025,72.93,2187.93,-32.01,0,Short,FIFO
    Sell,470,7/15/2025,74,34779.11,7/15/2025,72.93,34277.06992,-502.04,0,Short,FIFO
    Sell,300,4/25/2025,58.05,17414.85,6/5/2025,66.03,19808.9499,2394.1,0,Short,FIFO
    Options Assignment,200,10/7/2024,74,14800,1/17/2025,119.31,23862.26,9062.26,0,Short,FIFO
    Options Assignment,100,9/27/2024,70.56,7056,1/17/2025,119.31,11931.13,4875.13,0,Short,FIFO
    Sell,100,7/22/2024,68.96,6896.5,8/9/2024,60.49,6049.31,-847.19,0,Short,FIFO
    Sell,50,7/8/2024,73.82,3691,7/9/2024,73.47,3673.58,-17.42,0,Short,FIFO
    Sell,100,6/28/2024,70.66,7066.21,7/9/2024,73.47,7347.16,280.95,0,Short,FIFO
    Sell,100,3/4/2024,79.26,7925.99,3/4/2024,77.86,7786.42,-139.57,0,Short,FIFO
    Sell,100,8/2/2024,58.74,5874.5,8/9/2024,60.49,6049.32,174.82,0,Short,FIFO
    Sell,100,8/5/2024,53.1,5310,8/9/2024,60.49,6049.31,739.31,0,Short,FIFO
    Sell,200,9/26/2024,73.86,14772,10/7/2024,73.94,14787.99,15.99,0,Short,Specific Lot
    Options Assignment,100,9/27/2024,70.5,7049.79,1/17/2025,119.31,11931.12,4881.33,0,Short,FIFO
    Options Assignment,100,9/20/2024,72.99,7299,1/17/2025,119.31,11931.13,4632.13,0,Short,FIFO
    Options Assignment,50,9/20/2024,72.84,3641.75,1/17/2025,119.31,5965.57,2323.82,0,Short,FIFO
    Options Assignment,50,9/20/2024,72.57,3628.42,1/17/2025,119.31,5965.56,2337.14,0,Short,FIFO
    Sell,500,7/30/2025,83.75,41873.9,7/30/2025,83.72,41859.92,-13.98,0,Short,FIFO
MSFT,200,--,--,108761.38,--,--,108075.7668,-685.61,--,Short,--
    Sell,200,7/31/2025,543.81,108761.38,7/31/2025,540.38,108075.7668,-685.61,--,Short,FIFO
MTCH,400,--,--,14036.25,--,--,15209.8001,1173.55,--,Short,--
    Sell,150,12/18/2023,33.89,5083.5,1/30/2024,38.02,5703.6801,620.18,0,Short,FIFO
    Sell,100,12/19/2023,34.64,3464,1/30/2024,38.02,3802.45,338.45,0,Short,FIFO
    Sell,50,12/19/2023,34.66,1732.75,1/30/2024,38.02,1901.22,168.47,0,Short,FIFO
    Sell,100,1/12/2024,37.56,3756,1/30/2024,38.02,3802.45,46.45,0,Short,FIFO
MU Sep 27 '24 $96 Call w,6,--,--,8862.07,--,--,2816.83,-6045.24,--,Short,--
    Buy To Close,1,9/27/2024,14.78,1477.51,9/25/2024,4.69,469.47,-1008.04,0,Short,FIFO
    Buy To Close,4,9/27/2024,14.77,5906.05,9/25/2024,4.69,1877.89,-4028.16,0,Short,FIFO
    Buy To Close,1,9/27/2024,14.79,1478.51,9/25/2024,4.69,469.47,-1009.04,0,Short,FIFO
MU Dec 27 '24 $90 Call w,4,--,--,0,--,--,325.93,325.93,--,Short,--
    Options Expiration,4,12/27/2024,0,0,12/26/2024,0.81,325.93,325.93,0,Short,FIFO
MU Feb 07 '25 $89 Put w,5,--,--,0,--,--,1987.33,1987.33,--,Short,--
    Options Expiration,5,2/7/2025,0,0,1/27/2025,3.97,1987.33,1987.33,0,Short,FIFO
MU Feb 21 '25 $100 Call,5,--,--,15.08,--,--,1147.37,1132.29,--,Short,--
    Buy To Close,5,2/21/2025,0.03,15.08,2/14/2025,2.29,1147.37,1132.29,0,Short,FIFO
MU,3800,--,--,318175.84,--,--,323689.8699,5514.03,--,Short,--
    Sell,100,8/2/2024,92.27,9226.87,8/9/2024,92.78,9277.54,50.67,0,Short,FIFO
    Sell,200,4/9/2025,66.53,13306,4/9/2025,72.22,14443.56,1137.56,0,Short,FIFO
    Sell,100,4/4/2025,66.33,6632.65,4/7/2025,70.99,7098.93,466.28,0,Short,FIFO
    Sell,100,4/4/2025,64.86,6485.73,4/7/2025,70.99,7098.94,613.21,0,Short,FIFO
    Sell,200,4/4/2025,67.86,13571.32,4/7/2025,70.99,14197.87,626.55,0,Short,FIFO
    Sell,500,1/30/2025,100.18,50087.64,2/21/2025,98.8,49400.64,-687,0,Short,FIFO
    Sell,128,4/9/2025,66.67,8533.76,4/9/2025,72.22,9243.879936,710.12,0,Short,FIFO
    Sell,72,4/9/2025,66.7,4802.04,4/9/2025,72.22,5199.690024,397.65,0,Short,FIFO
    Sell,200,4/9/2025,68.78,13755.8,4/9/2025,72.22,14443.56,687.76,0,Short,FIFO
    Sell,35,5/1/2025,78.7,2754.5,5/2/2025,79.33,2776.48,21.98,0,Short,FIFO
    Sell,200,4/14/2025,70.63,14126,4/14/2025,71.64,14327.81,201.81,0,Short,FIFO
    Sell,100,4/10/2025,70.13,7012.88,4/14/2025,73.05,7305.28,292.4,0,Short,FIFO
    Sell,100,4/10/2025,68.23,6822.52,4/14/2025,73.05,7305.28,482.76,0,Short,FIFO
    Sell,200,4/10/2025,71.8,14360.58,4/10/2025,71.96,14391.56,30.98,0,Short,FIFO
    Options Assignment,100,12/20/2024,85.19,8519.12,1/10/2025,100.09,10009.18,1490.06,0,Short,FIFO
    Options Assignment,100,12/20/2024,84.04,8403.72,1/10/2025,100.09,10009.18,1605.46,0,Short,FIFO
    Sell,100,9/11/2024,88.75,8874.77,12/18/2024,94.01,9400.82,526.05,0,Short,FIFO
    Sell,100,9/10/2024,86.9,8690.32,12/18/2024,94.01,9400.81,710.49,0,Short,FIFO
    Sell,100,9/10/2024,87.16,8716,12/18/2024,94.01,9400.81,684.81,0,Short,FIFO
    Sell,50,9/9/2024,86.14,4307,12/18/2024,94.01,4700.4,393.4,0,Short,FIFO
    Sell,50,9/9/2024,85.82,4291,12/18/2024,94.01,4700.41,409.41,0,Short,FIFO
    Sell,100,9/11/2024,90.54,9053.5,12/18/2024,94.01,9400.81,347.31,0,Short,FIFO
    Sell,100,9/13/2024,91.02,9102.5,12/18/2024,94.01,9400.81,298.31,0,Short,FIFO
    Sell,200,9/27/2024,107.85,21569.62,12/18/2024,94.14,18827.44,-2742.18,0,Short,FIFO
    Options Assignment,100,10/8/2024,102.92,10292.5,1/10/2025,100.09,10009.18,-283.32,0,Short,FIFO
    Options Assignment,100,9/30/2024,103.04,10303.87,1/10/2025,100.09,10009.18,-294.69,0,Short,FIFO
    Sell,35,9/27/2024,107.93,3777.63,12/18/2024,94.08,3292.689995,-484.94,0,Short,FIFO
    Sell,115,9/27/2024,107.93,12412.23,12/18/2024,94.1,10821.16995,-1591.06,0,Short,FIFO
    Sell,50,9/27/2024,107.93,5396.62,12/18/2024,94.14,4706.86,-689.76,0,Short,FIFO
    Sell,165,5/1/2025,78.71,12987.15,5/2/2025,79.33,13089.10004,101.95,0,Short,FIFO
NU,4000,--,--,55118.4,--,--,53159.34,-1959.06,--,Short,--
    Sell,4000,6/30/2025,13.78,55118.4,7/7/2025,13.29,53159.34,-1959.06,0,Short,FIFO
NVAX,1000,--,--,13415.49,--,--,12774.57017,-640.92,--,Short,--
    Sell,92,9/20/2024,13.06,1201.7,9/25/2024,12.77,1175.260072,-26.44,0,Short,FIFO
    Sell,200,9/24/2024,13.37,2674,9/25/2024,12.77,2554.92,-119.08,0,Short,FIFO
    Sell,108,9/20/2024,13.06,1410.69,9/25/2024,12.77,1379.649996,-31.04,0,Short,FIFO
    Sell,100,9/20/2024,13.06,1306.2,9/25/2024,12.77,1277.46,-28.74,0,Short,FIFO
    Sell,100,9/20/2024,13.06,1306.2,9/25/2024,12.77,1277.46,-28.74,0,Short,FIFO
    Sell,100,9/20/2024,13.06,1306.2,9/25/2024,12.77,1277.45,-28.75,0,Short,FIFO
    Sell,300,9/25/2024,14.04,4210.5,9/25/2024,12.77,3832.3701,-378.13,0,Short,FIFO
NVTS,12800,--,--,89498.02,--,--,87651.7694,-1846.25,--,Short,--
    Sell,1000,6/3/2025,5.78,5775.4,6/3/2025,6.13,6129.84,354.44,0,Short,FIFO
    Sell,1800,7/24/2025,9.02,16234.02,7/25/2025,8.85,15929.6994,-304.32,0,Short,FIFO
    Sell,2000,7/18/2025,6.55,13097.4,7/18/2025,6.57,13139.67,42.27,0,Short,FIFO
    Sell,1000,7/18/2025,6.55,6548.7,7/18/2025,6.57,6574.93,26.23,0,Short,FIFO
    Sell,2000,7/18/2025,6.55,13097.4,7/18/2025,6.55,13102.27,4.87,0,Short,FIFO
    Sell,1000,7/10/2025,6.5,6500,7/11/2025,5.87,5865.23,-634.77,0,Short,FIFO
    Sell,1000,7/8/2025,6.53,6528.4,7/11/2025,5.87,5865.24,-663.16,0,Short,FIFO
    Sell,1000,7/8/2025,6.51,6510,7/11/2025,5.87,5865.23,-644.77,0,Short,FIFO
    Sell,1000,6/3/2025,6.16,6159.9,6/3/2025,6.13,6129.83,-30.07,0,Short,FIFO
    Sell,1000,7/28/2025,9.05,9046.8,7/28/2025,9.05,9049.83,3.03,0,Short,FIFO
OKLO,500,--,--,5036.2,--,--,4877.62,-158.58,--,Short,--
    Sell,200,5/10/2024,10.07,2014.48,5/13/2024,9.75,1949.95,-64.53,0,Short,FIFO
    Sell,200,5/10/2024,10.07,2014.48,5/13/2024,9.76,1951.95,-62.53,0,Short,FIFO
    Sell,100,5/10/2024,10.07,1007.24,5/13/2024,9.76,975.72,-31.52,0,Short,FIFO
OKTA,2000,--,--,175030.24,--,--,174782.7903,-247.45,--,Short,--
    Sell,500,12/4/2024,84.16,42079,12/9/2024,84.38,42191.24,112.24,0,Short,FIFO
    Sell,650,12/11/2024,84.17,54707.44,12/17/2024,84.32,54806.69025,99.25,0,Short,FIFO
    Sell,6,12/11/2024,84.17,505,12/17/2024,84.38,506.260002,1.26,0,Short,FIFO
    Sell,144,12/11/2024,84.17,12119.8,12/17/2024,84.38,12151.08,31.28,0,Short,FIFO
    Sell,500,12/6/2024,84.49,42245,12/9/2024,84.42,42208.19,-36.81,0,Short,FIFO
    Sell,200,3/24/2025,116.87,23374,3/26/2025,114.6,22919.33,-454.67,0,Short,FIFO
ON,1000,--,--,55145,--,--,56745.6399,1600.64,--,Short,--
    Sell,200,7/2/2025,55.14,11029,7/9/2025,56.78,11356.05,327.05,0,Short,FIFO
    Sell,300,7/2/2025,55.14,16543.5,7/9/2025,56.81,17043.0699,499.57,0,Short,FIFO
    Sell,500,7/2/2025,55.14,27572.5,7/9/2025,56.69,28346.52,774.02,0,Short,FIFO
OSCR,2600,--,--,46855.96,--,--,45202.9097,-1653.05,--,Short,--
    Sell,200,2/19/2025,16.3,3259.9,3/3/2025,14.96,2992.88,-267.02,0,Short,FIFO
    Sell,500,6/25/2025,19.27,9634.25,6/26/2025,19.97,9987.22,352.97,0,Short,FIFO
    Sell,900,5/14/2025,17.4,15662.16,5/14/2025,16.25,14624.8497,-1037.31,0,Short,FIFO
    Sell,100,5/14/2025,17.4,1739.5,5/14/2025,16.25,1624.98,-114.52,0,Short,FIFO
    Sell,200,2/19/2025,16.12,3225,3/3/2025,14.96,2992.88,-232.12,0,Short,FIFO
    Sell,200,2/19/2025,15.69,3138,3/3/2025,14.96,2992.89,-145.11,0,Short,FIFO
    Sell,500,6/26/2025,20.39,10197.15,6/26/2025,19.97,9987.21,-209.94,0,Short,FIFO
OUST,3000,--,--,23967.55,--,--,23919.8502,-47.7,--,Short,--
    Sell,200,3/27/2024,6.76,1351.36,3/28/2024,7.59,1517.95,166.59,0,Short,FIFO
    Sell,500,1/24/2025,10.96,5480,1/27/2025,9.82,4909.98,-570.02,0,Short,FIFO
    Sell,400,3/27/2024,6.83,2731.88,3/28/2024,7.6,3039.94,308.06,0,Short,FIFO
    Sell,300,3/27/2024,6.76,2027.04,3/28/2024,7.6,2279.9202,252.88,0,Short,FIFO
    Sell,100,3/27/2024,6.83,682.97,3/28/2024,7.6,759.98,77.01,0,Short,FIFO
    Sell,1000,3/27/2024,6.68,6684.3,3/28/2024,7.59,7589.77,905.47,0,Short,FIFO
    Sell,500,2/18/2025,10.02,5010,3/3/2025,7.64,3822.31,-1187.69,0,Short,FIFO
PATH,1400,--,--,34582.03,--,--,15724.82992,-18857.2,--,Short,--
    Sell,400,2/9/2024,26.38,10550,8/2/2024,11.23,4492.81,-6057.19,0,Short,FIFO
    Sell,91,3/8/2024,24.39,2219.49,8/2/2024,11.23,1022.119917,-1197.37,0,Short,FIFO
    Sell,5,3/8/2024,24.39,121.95,8/2/2024,11.23,56.16,-65.79,0,Short,FIFO
    Sell,4,3/8/2024,24.39,97.55,8/2/2024,11.23,44.92,-52.63,0,Short,FIFO
    Sell,100,3/8/2024,24.5,2449.5,8/2/2024,11.23,1123.21,-1326.29,0,Short,FIFO
    Sell,200,3/8/2024,24.46,4893,8/2/2024,11.23,2246.4,-2646.6,0,Short,FIFO
    Sell,100,3/8/2024,24.37,2436.77,8/2/2024,11.23,1123.2,-1313.57,0,Short,FIFO
    Sell,100,2/26/2024,24,2399.77,8/2/2024,11.23,1123.2,-1276.57,0,Short,FIFO
    Sell,100,2/22/2024,23.82,2382.5,8/2/2024,11.23,1123.21,-1259.29,0,Short,FIFO
    Sell,200,2/22/2024,23.72,4743,8/2/2024,11.23,2246.4,-2496.6,0,Short,FIFO
    Sell,100,3/14/2024,22.88,2288.5,8/2/2024,11.23,1123.2,-1165.3,0,Short,FIFO
PFE,1900,--,--,52814.75,--,--,52230.0006,-584.75,--,Short,--
    Sell,200,12/15/2023,26.5,5299.28,1/30/2024,27.53,5506.74,207.46,0,Short,FIFO
    Sell,100,1/12/2024,28.72,2872.5,1/30/2024,27.53,2753.37,-119.13,0,Short,FIFO
    Sell,100,12/19/2023,28.02,2801.97,1/30/2024,27.53,2753.37,-48.6,0,Short,FIFO
    Sell,100,12/19/2023,28.14,2814,1/30/2024,27.53,2753.37,-60.63,0,Short,FIFO
    Sell,100,12/19/2023,28.02,2802.5,1/30/2024,27.53,2753.37,-49.13,0,Short,FIFO
    Sell,1300,11/5/2024,27.86,36224.5,11/6/2024,27.47,35709.7806,-514.72,0,Short,FIFO
PINS,4800,--,--,188575.8,--,--,185247.5396,-3328.26,--,Short,--
    Sell,550,2/12/2025,39.31,21620.45,2/13/2025,38.65,21256.80975,-363.64,0,Short,FIFO
    Sell,1450,2/12/2025,39.31,56999.35,2/13/2025,38.64,56026.20055,-973.15,0,Short,FIFO
    Sell,2700,2/18/2025,39.27,106029,2/20/2025,38.56,104108.6493,-1920.35,0,Short,FIFO
    Sell,100,2/18/2025,39.27,3927,2/20/2025,38.56,3855.88,-71.12,0,Short,FIFO
PL,10000,--,--,51984.35,--,--,53123.028,1138.68,--,Short,--
    Sell,2000,1/29/2025,5.59,11180,1/29/2025,5.42,10839.36,-340.64,0,Short,FIFO
    Sell,500,7/1/2025,7.09,3546.35,7/11/2025,6.34,3172.42,-373.93,0,Short,FIFO
    Sell,500,7/1/2025,7.09,3545,7/11/2025,6.34,3172.42,-372.58,0,Short,FIFO
    Sell,3000,6/23/2025,5.34,16019.7,7/11/2025,6.34,19034.499,3014.8,0,Short,FIFO
    Sell,3000,5/2/2025,3.55,10650,5/2/2025,3.52,10559.499,-90.5,0,Short,FIFO
    Sell,1000,7/1/2025,7.04,7043.3,7/11/2025,6.34,6344.83,-698.47,0,Short,FIFO
PLAB,2000,--,--,51144.62,--,--,51799.02019,654.4,--,Short,--
    Sell,500,12/12/2024,26.14,13072.3,12/13/2024,26.4,13197.65,125.35,0,Short,FIFO
    Sell,231,12/18/2024,25,5775,12/19/2024,25.46,5882.210103,107.21,0,Short,FIFO
    Sell,200,12/12/2024,26.14,5228.94,12/13/2024,26.39,5277.82,48.88,0,Short,FIFO
    Sell,300,12/12/2024,26.14,7843.38,12/13/2024,26.39,7916.73,73.35,0,Short,FIFO
    Sell,769,12/18/2024,25,19225,12/19/2024,25.39,19524.61009,299.61,0,Short,FIFO
PLTR,10000,--,--,127705.8,--,--,304601.4304,176895.63,--,Mixed,--
    Sell,1000,2/10/2023,7.64,7635,7/18/2024,29.58,29579,21944,0,Long,FIFO
    Sell,1000,1/19/2024,16.75,16747.9,8/20/2024,31.69,31688.94,14941.04,0,Short,Specific Lot
    Sell,1000,8/5/2024,21.3,21299.9,8/20/2024,31.67,31670.94,10371.04,0,Short,Specific Lot
    Sell,1000,5/25/2023,12.47,12473.9,8/23/2024,31.86,31862.24,19388.34,0,Long,FIFO
    Sell,83,5/25/2023,12.57,1043.26,8/26/2024,30.98,2571.670008,1528.41,0,Long,FIFO
    Sell,500,6/5/2024,22.67,11334.35,8/14/2024,30.71,15355.74,4021.39,0,Short,Specific Lot
    Sell,500,6/5/2024,22.62,11308.95,8/14/2024,30.71,15355.73,4046.78,0,Short,Specific Lot
    Sell,1000,2/14/2023,8.38,8380,7/18/2024,29.45,29454.01,21074.01,0,Long,FIFO
    Sell,1000,2/22/2023,8.27,8268.8,7/18/2024,29.45,29449.01,21180.21,0,Long,FIFO
    Sell,1000,5/9/2023,8.84,8843.8,8/9/2024,29.58,29581.5,20737.7,0,Long,FIFO
    Sell,1000,5/9/2023,8.84,8843.8,8/9/2024,29.62,29623.1,20779.3,0,Long,FIFO
    Sell,917,5/25/2023,12.57,11526.14,8/26/2024,30.98,28409.55041,16883.41,0,Long,FIFO
POET,4000,--,--,20280.8,--,--,20501.06,220.26,--,Short,--
    Sell,1000,12/3/2024,5.23,5228.7,12/5/2024,4.91,4910.7,-318,0,Short,FIFO
    Sell,1000,12/5/2024,4.88,4882.1,12/5/2024,4.91,4910.69,28.59,0,Short,FIFO
    Sell,2000,6/25/2025,5.08,10170,6/27/2025,5.34,10679.67,509.67,0,Short,FIFO
PPL,1000,--,--,35200,--,--,35277.34,77.34,--,Short,--
    Sell,500,7/15/2025,35.2,17600,7/16/2025,35.33,17667.42,67.42,0,Short,FIFO
    Sell,500,7/15/2025,35.2,17600,7/16/2025,35.22,17609.92,9.92,0,Short,FIFO
PTON,1500,--,--,13118.25,--,--,12629.3895,-488.86,--,Short,--
    Sell,1500,2/6/2025,8.75,13118.25,2/6/2025,8.42,12629.3895,-488.86,0,Short,FIFO
PYPL Jan 31 '25 $89 Put w,3,--,--,337.56,--,--,499.41,161.85,--,Short,--
    Buy To Close,3,1/27/2025,1.13,337.56,1/23/2025,1.66,499.41,161.85,0,Short,FIFO
PYPL,5200,--,--,383676.31,--,--,400342.4799,16666.17,--,Mixed,--
    Options Assignment,200,1/20/2023,78.06,15611.03,1/17/2025,88.54,17708.43,2097.4,0,Long,FIFO
    Sell,500,5/12/2023,65.51,32752.57,3/3/2025,70.23,35112.84,2360.27,0,Long,FIFO
    Sell,200,12/15/2023,61.11,12221.96,3/3/2025,70.23,14045.13,1823.17,0,Long,FIFO
    Sell,500,4/23/2025,64.19,32094.2,4/29/2025,64.82,32409.01,314.81,0,Short,FIFO
    Sell,500,4/24/2025,64.67,32336.9,4/29/2025,64.76,32378.36,41.46,0,Short,FIFO
    Sell,500,6/16/2025,72.25,36125.4,7/9/2025,75,37499.92,1374.52,0,Short,FIFO
    Sell,181,2/4/2025,79.12,14320.9,2/4/2025,78.76,14255.12994,-65.77,0,Short,Specific Lot
    Sell,66,2/4/2025,79.12,5221.99,2/4/2025,78.78,5199.320016,-22.67,0,Short,Specific Lot
    Sell,753,2/4/2025,79.12,59578.11,2/4/2025,78.77,59312.0397,-266.07,0,Short,Specific Lot
    Options Assignment,300,1/20/2023,79.08,23722.5,1/17/2025,88.54,26562.6402,2840.14,0,Long,FIFO
    Options Assignment,200,1/26/2023,80.59,16118,1/17/2025,88.54,17708.42,1590.42,0,Long,FIFO
    Options Assignment,100,1/31/2023,81.46,8146.5,1/17/2025,88.54,8854.21,707.71,0,Long,FIFO
    Options Assignment,200,2/10/2023,81.33,16266,1/17/2025,88.54,17708.43,1442.43,0,Long,FIFO
    Sell,500,1/28/2025,87.08,43542.5,1/28/2025,88.18,44088.69,546.19,0,Short,Specific Lot
    Sell,500,6/18/2025,71.24,35617.75,7/9/2025,75,37499.91,1882.16,0,Short,FIFO
QCOM,700,--,--,111474.2,--,--,110452.95,-1021.25,--,Short,--
    Sell,200,11/14/2024,163.17,32634.2,11/14/2024,163.51,32702.98,68.78,0,Short,FIFO
    Sell,500,6/10/2025,157.68,78840,6/13/2025,155.5,77749.97,-1090.03,0,Short,FIFO
RCAT,500,--,--,4468.95,--,--,4194.8,-274.15,--,Short,--
    Sell,500,1/24/2025,8.94,4468.95,1/27/2025,8.39,4194.8,-274.15,0,Short,FIFO
RDDT Jun 13 '25 $120 Call w,2,--,--,81.03,--,--,828.96,747.93,--,Short,--
    Buy To Close,2,6/13/2025,0.41,81.03,6/5/2025,4.14,828.96,747.93,0,Short,FIFO
RDDT,500,--,--,69688,--,--,67535.8799,-2152.12,--,Short,--
    Options Assignment,200,5/14/2025,124.64,24928,6/20/2025,123.19,24638.93,-289.07,0,Short,FIFO
    Sell,300,7/21/2025,149.2,44760,7/22/2025,142.99,42896.9499,-1863.05,0,Short,FIFO
RDW,1000,--,--,18860.4,--,--,18949.83,89.43,--,Short,--
    Sell,500,7/17/2025,18.82,9407.65,7/21/2025,18.95,9474.92,67.27,0,Short,FIFO
    Sell,500,7/17/2025,18.91,9452.75,7/21/2025,18.95,9474.91,22.16,0,Short,FIFO
RIVN,2500,--,--,29960.85,--,--,29883.6,-77.25,--,Short,--
    Sell,500,5/22/2024,10.67,5333.45,5/28/2024,10.59,5296.02,-37.43,0,Short,FIFO
    Sell,1000,11/13/2024,12.31,12308.5,11/13/2024,12.29,12293.79,-14.71,0,Short,FIFO
    Sell,1000,11/13/2024,12.32,12318.9,11/13/2024,12.29,12293.79,-25.11,0,Short,FIFO
RKLB,3300,--,--,94986,--,--,112534.3698,17548.37,--,Short,--
    Sell,500,6/6/2025,28.1,14052,6/9/2025,30.2,15102.42,1050.42,0,Short,FIFO
    Sell,100,6/20/2025,29.63,2963,7/17/2025,52.43,5242.98,2279.98,0,Short,FIFO
    Sell,200,6/17/2025,27.09,5418,7/16/2025,45.09,9018.89,3600.89,0,Short,FIFO
    Sell,200,6/17/2025,27.09,5418,6/27/2025,36.68,7335.97,1917.97,0,Short,FIFO
    Sell,600,6/17/2025,27.09,16254,6/25/2025,33.51,20106.9798,3852.98,0,Short,FIFO
    Sell,500,6/9/2025,31.05,15525,6/9/2025,30.45,15225.01,-299.99,0,Short,FIFO
    Sell,500,6/9/2025,31.01,15505,6/9/2025,30.45,15225.02,-279.98,0,Short,FIFO
    Sell,500,6/6/2025,27.85,13925,6/9/2025,31.77,15885.07,1960.07,0,Short,FIFO
    Sell,200,6/20/2025,29.63,5926,7/25/2025,46.96,9392.03,3466.03,0,Short,FIFO
RMBS,300,--,--,19391.64,--,--,19409.9199,18.28,--,Short,--
    Sell,300,2/20/2025,64.64,19391.64,2/20/2025,64.7,19409.9199,18.28,0,Short,FIFO
S,2000,--,--,49603.9,--,--,53613.16,4009.26,--,Short,--
    Sell,1000,10/4/2024,23.64,23636.7,10/25/2024,26.09,26094.1,2457.4,0,Short,FIFO
    Sell,1000,11/1/2024,25.97,25967.2,11/8/2024,27.52,27519.06,1551.86,0,Short,FIFO
SANA,1000,--,--,5045.8,--,--,5012.29,-33.51,--,Short,--
    Sell,1000,1/8/2025,5.05,5045.8,1/10/2025,5.01,5012.29,-33.51,0,Short,FIFO
SE,1000,--,--,42801.96,--,--,70244.1201,27442.16,--,Short,--
    Options Assignment,150,12/1/2023,37.39,5608.5,5/17/2024,70.24,10536.6201,4928.12,0,Short,FIFO
    Options Assignment,100,3/19/2024,54.7,5470.27,5/17/2024,70.24,7024.41,1554.14,0,Short,FIFO
    Options Assignment,100,3/4/2024,52.12,5211.99,5/17/2024,70.24,7024.42,1812.43,0,Short,FIFO
    Options Assignment,200,12/22/2023,38.52,7703.1,5/17/2024,70.24,14048.82,6345.72,0,Short,FIFO
    Options Assignment,200,12/22/2023,38.49,7698,5/17/2024,70.24,14048.82,6350.82,0,Short,FIFO
    Options Assignment,100,12/19/2023,36.94,3693.56,5/17/2024,70.24,7024.42,3330.86,0,Short,FIFO
    Options Assignment,50,12/7/2023,39.16,1957.75,5/17/2024,70.24,3512.2,1554.45,0,Short,FIFO
    Options Assignment,100,3/22/2024,54.59,5458.79,5/17/2024,70.24,7024.41,1565.62,0,Short,FIFO
SERV,2500,--,--,21955.2,--,--,21870.65,-84.55,--,Short,--
    Sell,1000,5/2/2025,6.75,6745.7,5/5/2025,6.7,6700.55,-45.15,0,Short,FIFO
    Sell,500,5/2/2025,6.83,3414.5,5/5/2025,6.7,3350.27,-64.23,0,Short,FIFO
    Sell,1000,7/16/2025,11.8,11795,7/17/2025,11.82,11819.83,24.83,0,Short,FIFO
SLQT,4500,--,--,23986.9,--,--,24010.56,23.66,--,Short,--
    Sell,1000,2/11/2025,5.42,5420,2/11/2025,5.55,5549.67,129.67,0,Short,FIFO
    Sell,200,2/25/2025,4.37,873.12,3/3/2025,4.52,904.94,31.82,0,Short,FIFO
    Sell,1000,2/21/2025,5.04,5038.6,3/3/2025,4.52,4524.7,-513.9,0,Short,FIFO
    Sell,1000,2/12/2025,5.55,5550,2/13/2025,5.84,5839.66,289.66,0,Short,FIFO
    Sell,1000,2/11/2025,5.8,5795.5,2/13/2025,5.83,5834.66,39.16,0,Short,FIFO
    Sell,300,2/25/2025,4.37,1309.68,3/3/2025,4.52,1356.93,47.25,0,Short,FIFO
SNAP,18800,--,--,172805.94,--,--,180667.4196,7861.48,--,Short,--
    Sell,1000,3/5/2024,11.08,11079.9,3/5/2024,11.47,11470.83,390.93,0,Short,FIFO
    Sell,200,4/10/2025,8,1601,4/23/2025,8.06,1611.92,10.92,0,Short,FIFO
    Sell,800,4/10/2025,8.01,6407.84,4/23/2025,8.06,6447.6904,39.85,0,Short,FIFO
    Sell,1000,4/10/2025,8,7995,4/23/2025,8.06,8059.61,64.61,0,Short,FIFO
    Sell,1000,5/12/2025,9.04,9039.9,7/2/2025,9.5,9499.83,459.93,0,Short,Specific Lot
    Sell,1000,7/1/2025,9.1,9095,7/2/2025,9.5,9499.84,404.84,0,Short,Specific Lot
    Sell,1000,5/12/2025,9.04,9039.9,7/2/2025,9.38,9384.33,344.43,0,Short,FIFO
    Sell,1000,5/12/2025,9.04,9039.9,7/3/2025,9.39,9390.53,350.63,0,Short,FIFO
    Sell,1000,6/27/2025,8.53,8530,7/7/2025,9.23,9234.83,704.83,0,Short,FIFO
    Sell,1000,4/9/2025,8.43,8428,4/9/2025,8.46,8459.9,31.9,0,Short,FIFO
    Sell,1000,4/9/2025,7.73,7729.1,4/9/2025,8.46,8459.89,730.79,0,Short,FIFO
    Options Assignment,500,3/5/2024,11.04,5517.5,3/8/2024,11.7,5852.28,334.78,0,Short,FIFO
    Options Assignment,500,3/5/2024,11.04,5517.5,3/8/2024,11.7,5852.29,334.79,0,Short,FIFO
    Sell,1000,3/18/2024,11.04,11035,3/22/2024,11.18,11184.74,149.74,0,Short,FIFO
    Sell,1600,8/2/2024,9.6,15368,9/26/2024,10.58,16929.3392,1561.34,0,Short,FIFO
    Sell,200,8/2/2024,9.6,1921,9/26/2024,10.58,2116.17,195.17,0,Short,FIFO
    Sell,2000,2/6/2025,10.65,21296.4,2/11/2025,10.67,21339.07,42.67,0,Short,FIFO
    Sell,1000,4/4/2025,8.08,8080,4/7/2025,8.11,8114.6,34.6,0,Short,FIFO
    Sell,1000,4/9/2025,7.56,7555,4/9/2025,8.46,8459.9,904.9,0,Short,FIFO
    Sell,1000,6/27/2025,8.53,8530,7/7/2025,9.3,9299.83,769.83,0,Short,FIFO
SNOW,100,--,--,13496.88,--,--,13645.6,148.72,--,Short,--
    Sell,100,7/16/2024,134.97,13496.88,7/17/2024,136.46,13645.6,148.72,0,Short,FIFO
SOFI Feb 07 '25 $16 Call w,10,--,--,0,--,--,744.74,744.74,--,Short,--
    Options Expiration,10,2/7/2025,0,0,1/27/2025,0.74,744.74,744.74,0,Short,FIFO
SOFI Feb 28 '25 $16.50 Call w,10,--,--,0,--,--,754.749998,754.75,--,Short,--
    Options Expiration,1,2/28/2025,0,0,2/18/2025,0.75,75.47,75.47,0,Short,FIFO
    Options Expiration,6,2/28/2025,0,0,2/18/2025,0.75,452.869998,452.87,0,Short,FIFO
    Options Expiration,1,2/28/2025,0,0,2/18/2025,0.75,75.47,75.47,0,Short,FIFO
    Options Expiration,1,2/28/2025,0,0,2/18/2025,0.75,75.47,75.47,0,Short,FIFO
    Options Expiration,1,2/28/2025,0,0,2/18/2025,0.75,75.47,75.47,0,Short,FIFO
SOFI,13000,--,--,124276.79,--,--,178758.73,54481.94,--,Mixed,--
    Sell,1000,3/6/2024,7.28,7285,4/3/2024,7.49,7489.87,204.87,0,Short,Specific Lot
    Sell,200,12/20/2022,4.62,923,1/27/2025,16.18,3235.88,2312.88,0,Long,FIFO
    Sell,1000,12/20/2022,4.61,4605.7,1/27/2025,16.37,16369.47,11763.77,0,Long,FIFO
    Sell,1000,8/18/2023,8.58,8575.14,3/3/2025,14.44,14439.42,5864.28,0,Long,FIFO
    Sell,600,4/4/2025,9.75,5849.16,4/7/2025,10.26,6158.73,309.57,0,Short,FIFO
    Sell,400,4/4/2025,9.75,3899.44,4/7/2025,10.26,4103.81,204.37,0,Short,FIFO
    Sell,900,4/4/2025,9.62,8656.74,4/7/2025,10.26,9238.0896,581.35,0,Short,FIFO
    Sell,100,4/4/2025,9.62,961.86,4/7/2025,10.25,1025.45,63.59,0,Short,FIFO
    Sell,800,12/20/2022,4.62,3692,1/27/2025,16.17,12935.5104,9243.51,0,Long,FIFO
    Sell,1000,8/11/2023,9.18,9175.14,1/27/2025,16.75,16749.66,7574.52,0,Long,FIFO
    Sell,500,12/8/2021,17.01,8505,1/16/2025,15.87,7936.04,-568.96,0,Long,Specific Lot
    Sell,500,12/8/2021,17.12,8559.25,1/16/2025,15.87,7936.04,-623.21,0,Long,Specific Lot
    Sell,500,12/8/2021,16.93,8465,1/16/2025,15.89,7946.14,-518.86,0,Long,Specific Lot
    Sell,400,12/8/2021,17.13,6851.96,1/16/2025,15.89,6356.91,-495.05,0,Long,Specific Lot
    Sell,100,12/8/2021,17.12,1712.5,1/16/2025,15.89,1589.23,-123.27,0,Long,Specific Lot
    Sell,1000,2/9/2023,6.78,6779.9,1/27/2025,16.4,16399.47,9619.57,0,Long,FIFO
    Sell,1000,8/4/2023,9.72,9720,1/27/2025,16.61,16609.36,6889.36,0,Long,FIFO
    Sell,2000,4/9/2025,10.03,20060,4/9/2025,11.12,22239.65,2179.65,0,Short,FIFO
SOUN,7000,--,--,80385.1,--,--,84026.52956,3641.43,--,Short,--
    Sell,101,1/28/2025,14.09,1422.77,1/29/2025,13.81,1394.750006,-28.02,0,Short,FIFO
    Sell,1000,6/25/2025,10.36,10360,7/14/2025,11.14,11144.83,784.83,0,Short,FIFO
    Sell,1000,6/25/2025,10.36,10360,7/9/2025,13,12999.83,2639.83,0,Short,FIFO
    Sell,1000,6/6/2025,10.06,10058.4,6/10/2025,9.98,9981.63,-76.77,0,Short,FIFO
    Sell,1000,5/2/2025,9.69,9690,5/5/2025,9.25,9249.57,-440.43,0,Short,FIFO
    Sell,1000,2/4/2025,15.41,15410,2/4/2025,15.46,15459.5,49.5,0,Short,FIFO
    Sell,799,1/28/2025,14.09,11255.35,1/29/2025,13.81,11034.54955,-220.8,0,Short,FIFO
    Sell,100,1/28/2025,14.09,1408.68,1/29/2025,13.81,1381.44,-27.24,0,Short,FIFO
    Sell,1000,6/30/2025,10.42,10419.9,7/15/2025,11.38,11380.43,960.53,0,Short,FIFO
SSYS,2000,--,--,31539.9,--,--,20679.09,-10860.81,--,Long,--
    Sell,1000,8/1/2023,17.8,17800,3/3/2025,10.34,10339.55,-7460.45,0,Long,FIFO
    Sell,1000,9/11/2023,13.74,13739.9,3/3/2025,10.34,10339.54,-3400.36,0,Long,FIFO
STNE,5000,--,--,76871.35,--,--,78464.75984,1593.41,--,Short,--
    Sell,100,6/17/2025,15.22,1521.5,6/17/2025,14.93,1492.98,-28.52,0,Short,FIFO
    Sell,1000,6/27/2025,15.32,15316.4,7/10/2025,16.07,16068.23,751.83,0,Short,FIFO
    Sell,1000,6/27/2025,15.32,15316.4,7/9/2025,16.39,16389.83,1073.43,0,Short,FIFO
    Sell,1000,6/16/2025,15.04,15035,6/17/2025,14.93,14929.84,-105.16,0,Short,FIFO
    Sell,415,6/17/2025,15.23,6320.45,6/17/2025,14.93,6195.879865,-124.57,0,Short,FIFO
    Sell,485,6/17/2025,15.22,7381.7,6/17/2025,14.93,7240.969975,-140.73,0,Short,FIFO
    Sell,1000,7/9/2025,15.98,15979.9,7/10/2025,16.15,16147.03,167.13,0,Short,FIFO
STX,400,--,--,39023.44,--,--,40556.96,1533.52,--,Short,--
    Sell,200,1/30/2025,99.3,19860,2/18/2025,101.39,20278.48,418.48,0,Short,FIFO
    Sell,200,2/5/2025,95.82,19163.44,2/18/2025,101.39,20278.48,1115.04,0,Short,FIFO
SYM,600,--,--,14581.3,--,--,17777.9,3196.6,--,Short,--
    Sell,200,5/8/2025,22.86,4572,6/5/2025,29.63,5925.97,1353.97,0,Short,FIFO
    Sell,200,5/8/2025,24.29,4857.4,6/5/2025,29.63,5925.96,1068.56,0,Short,FIFO
    Sell,200,5/12/2025,25.76,5151.9,6/5/2025,29.63,5925.97,774.07,0,Short,FIFO
TAL,2000,--,--,23794.85,--,--,22206.94,-1587.91,--,Short,--
    Sell,1000,10/1/2024,11.96,11955,10/7/2024,11.09,11094.52,-860.48,0,Short,FIFO
    Sell,500,10/4/2024,12.14,6069.95,10/7/2024,11.11,5556.21,-513.74,0,Short,FIFO
    Sell,500,10/7/2024,11.54,5769.9,10/7/2024,11.11,5556.21,-213.69,0,Short,FIFO
TDOC,2300,--,--,29433.5,--,--,26796.8602,-2636.64,--,Short,--
    Sell,1800,2/13/2025,13.17,23706,2/19/2025,12.26,22067.0802,-1638.92,0,Short,FIFO
    Sell,500,2/21/2025,11.46,5727.5,3/3/2025,9.46,4729.78,-997.72,0,Short,FIFO
TEM,400,--,--,26131.98,--,--,26731.93,599.95,--,Short,--
    Sell,200,6/9/2025,65.18,13035.98,6/10/2025,66.83,13365.97,329.99,0,Short,FIFO
    Sell,200,6/9/2025,65.48,13096,6/10/2025,66.83,13365.96,269.96,0,Short,FIFO
TER,300,--,--,28598.07,--,--,28617.0299,18.96,--,Short,--
    Sell,6,7/10/2025,95.33,571.96,7/21/2025,95.4,572.4,0.44,0,Short,FIFO
    Sell,1,7/10/2025,95.33,95.33,7/21/2025,95.41,95.41,0.08,0,Short,FIFO
    Sell,293,7/10/2025,95.33,27930.78,7/21/2025,95.39,27949.2199,18.44,0,Short,FIFO
TERN,1000,--,--,8970,--,--,9890.05,920.05,--,Short,--
    Sell,500,9/13/2024,8.88,4437.5,9/17/2024,9.89,4945.03,507.53,0,Short,FIFO
    Sell,500,9/13/2024,9.06,4532.5,9/17/2024,9.89,4945.02,412.52,0,Short,FIFO
TIGR,2000,--,--,13796.8,--,--,12479.6004,-1317.2,--,Short,--
    Sell,900,1/6/2025,6.9,6210,1/8/2025,6.24,5615.7804,-594.22,0,Short,FIFO
    Sell,1000,1/6/2025,6.9,6896.8,1/8/2025,6.24,6239.76,-657.04,0,Short,FIFO
    Sell,100,1/6/2025,6.9,690,1/8/2025,6.24,624.06,-65.94,0,Short,FIFO
TMC,3000,--,--,23116.5,--,--,22829.60944,-286.89,--,Short,--
    Sell,1500,7/15/2025,7.52,11280,7/21/2025,7.72,11579.7495,299.75,0,Short,FIFO
    Sell,500,7/15/2025,7.52,3760,7/21/2025,7.5,3749.97,-10.03,0,Short,FIFO
    Sell,566,7/17/2025,8.08,4571.3,7/21/2025,7.5,4244.959814,-326.34,0,Short,FIFO
    Sell,434,7/17/2025,8.08,3505.2,7/21/2025,7.5,3254.930126,-250.27,0,Short,FIFO
TRVG,2000,--,--,35972.5,--,--,4070.3501,-31902.15,--,Long,--
    Sell,300,5/26/2021,18.8,5640,8/2/2024,2.04,610.5501,-5029.45,0,Long,FIFO
    Sell,400,11/5/2021,14.52,5810,8/2/2024,2.04,814.07,-4995.93,0,Long,FIFO
    Sell,200,6/8/2021,19.2,3840,8/2/2024,2.04,407.04,-3432.96,0,Long,FIFO
    Sell,200,5/28/2021,19.8,3960,8/2/2024,2.04,407.04,-3552.96,0,Long,FIFO
    Sell,200,5/28/2021,20.02,4005,8/2/2024,2.04,407.03,-3597.97,0,Long,FIFO
    Sell,200,5/28/2021,20.55,4110,8/2/2024,2.04,407.03,-3702.97,0,Long,FIFO
    Sell,300,5/27/2021,19.2,5760,8/2/2024,2.04,610.56,-5149.44,0,Long,FIFO
    Sell,200,11/9/2021,14.24,2847.5,8/2/2024,2.04,407.03,-2440.47,0,Long,FIFO
TTD,1700,--,--,133126.02,--,--,132330.2899,-795.73,--,Short,--
    Sell,154,3/17/2025,55.52,8550.02,3/18/2025,53.39,8221.800048,-328.22,0,Short,FIFO
    Sell,110,7/21/2025,81.35,8948.18,7/22/2025,80.93,8902.82998,-45.35,0,Short,FIFO
    Sell,371,7/21/2025,81.35,30179.78,7/22/2025,80.92,30021.2599,-158.52,0,Short,FIFO
    Sell,500,7/21/2025,81.35,40673.55,7/22/2025,80.62,40311.17,-362.38,0,Short,FIFO
    Sell,500,7/15/2025,81.35,40675,7/16/2025,81.76,40879.62,204.62,0,Short,FIFO
    Sell,46,3/17/2025,55.52,2553.9,3/18/2025,53.4,2456.320006,-97.58,0,Short,FIFO
    Sell,19,7/21/2025,81.35,1545.59,7/22/2025,80.91,1537.29,-8.3,0,Short,FIFO
TTMI,500,--,--,14243.35,--,--,11954.63018,-2288.72,--,Short,--
    Sell,434,2/6/2025,28.49,12364.66,3/3/2025,23.91,10376.62014,-1988.04,0,Short,FIFO
    Sell,66,2/6/2025,28.46,1878.69,3/3/2025,23.91,1578.010038,-300.68,0,Short,FIFO
U May 10 '24 $25 Call w,5,--,--,0,--,--,682.41,682.41,--,Short,--
    Options Expiration,1,5/10/2024,0,0,5/9/2024,1.36,136.48,136.48,0,Short,FIFO
    Options Expiration,4,5/10/2024,0,0,5/9/2024,1.36,545.93,545.93,0,Short,FIFO
U Jan 10 '25 $26 Call w,10,--,--,0,--,--,1994.71,1994.71,--,Short,--
    Options Expiration,10,1/10/2025,0,0,1/2/2025,1.99,1994.71,1994.71,0,Short,FIFO
U Jan 31 '25 $24 Call w,20,--,--,0,--,--,989.51,989.51,--,Short,--
    Options Expiration,20,1/31/2025,0,0,1/28/2025,0.49,989.51,989.51,0,Short,FIFO
U Feb 28 '25 $27 Call w,10,--,--,0,--,--,914.770002,914.77,--,Short,--
    Options Expiration,1,2/28/2025,0,0,2/26/2025,0.91,91.47,91.47,0,Short,FIFO
    Options Expiration,9,2/28/2025,0,0,2/26/2025,0.91,823.300002,823.3,0,Short,FIFO
U Jul 11 '25 $28.50 Call w,10,--,--,1255.15,--,--,1434.82,179.67,--,Short,--
    Buy To Close,10,7/10/2025,1.26,1255.15,7/8/2025,1.43,1434.82,179.67,0,Short,FIFO
U Jul 11 '25 $29.50 Call w,5,--,--,0,--,--,627.41,627.41,--,Short,--
    Options Expiration,5,7/11/2025,0,0,7/9/2025,1.25,627.41,627.41,0,Short,FIFO
U,14490,--,--,336568.45,--,--,403095.3998,66526.95,--,Short,--
    Sell,500,4/4/2024,26.25,13127.45,11/8/2024,22.48,11241.2,-1886.25,0,Short,FIFO
    Sell,1000,3/7/2025,24.06,24055.21,7/10/2025,29.42,29422.53,5367.32,0,Short,Specific Lot
    Sell,500,12/18/2024,22.46,11227.5,2/20/2025,25.52,12761.01,1533.51,0,Short,FIFO
    Sell,500,12/12/2024,26.12,13059.15,2/20/2025,26.11,13057.05,-2.1,0,Short,FIFO
    Sell,500,12/12/2024,26.12,13059.15,2/20/2025,24.21,12105.13,-954.02,0,Short,FIFO
    Sell,500,11/21/2024,22.6,11297.5,2/20/2025,24.06,12029.58,732.08,0,Short,FIFO
    Sell,500,2/25/2025,25.38,12691.55,7/14/2025,29.37,14682.52,1990.97,0,Short,Specific Lot
    Sell,500,12/18/2024,22.35,11173,7/14/2025,29.37,14682.67,3509.67,0,Short,Specific Lot
    Sell,1000,5/12/2025,21.58,21575.4,7/25/2025,32.57,32573.04,10997.64,0,Short,FIFO
    Sell,1000,5/12/2025,21.86,21858.3,7/25/2025,32.99,32991.63,11133.33,0,Short,FIFO
    Sell,1000,5/12/2025,21.78,21775.7,7/25/2025,33.12,33116.23,11340.53,0,Short,FIFO
    Sell,500,5/12/2025,21.56,10777.5,7/17/2025,38.3,19150.56,8373.06,0,Short,FIFO
    Sell,500,5/12/2025,21.54,10767.5,7/17/2025,38.3,19150.57,8383.07,0,Short,FIFO
    Sell,500,11/21/2024,22.36,11180,2/20/2025,23.06,11529.59,349.59,0,Short,FIFO
    Sell,500,11/21/2024,22.6,11297.5,2/20/2025,23.05,11524.59,227.09,0,Short,FIFO
    Sell,500,11/21/2024,22.05,11023.15,2/20/2025,23.21,11604.59,581.44,0,Short,FIFO
    Sell,768,11/8/2024,22.84,17541.12,2/20/2025,22.63,17379.22022,-161.9,0,Short,FIFO
    Sell,200,10/9/2024,21.8,4360,11/8/2024,22.3,4459.84,99.84,0,Short,FIFO
    Sell,300,9/25/2024,21.79,6537,11/8/2024,22.3,6689.7699,152.77,0,Short,FIFO
    Sell,300,5/29/2024,18.7,5608.5,11/8/2024,22.3,6689.76,1081.26,0,Short,FIFO
    Sell,200,5/29/2024,18.7,3739,11/8/2024,22.48,4496.48,757.48,0,Short,FIFO
    Sell,200,11/13/2024,19.48,3895.38,2/20/2025,22.61,4521.84,626.46,0,Short,FIFO
    Sell,32,11/8/2024,22.84,730.88,2/20/2025,22.61,723.490016,-7.39,0,Short,FIFO
    Sell,200,11/20/2024,21.62,4324,2/20/2025,23.21,4641.83,317.83,0,Short,FIFO
    Sell,15,11/20/2024,21.62,324.37,2/20/2025,23.21,348.139995,23.77,0,Short,FIFO
    Sell,285,11/20/2024,21.63,6163.13,2/20/2025,23.25,6626.039955,462.91,0,Short,FIFO
    Sell,200,11/15/2024,21.16,4231.04,2/20/2025,22.65,4529.84,298.8,0,Short,FIFO
    Sell,800,11/14/2024,21.16,16924.17,2/20/2025,22.65,18119.36,1195.19,0,Short,FIFO
    Sell,990,7/25/2025,32.57,32244.3,7/25/2025,32.57,32247.2997,3,0,Short,FIFO
UBER May 17 '24 $69 Call,2,--,--,0,--,--,208.96,208.96,--,Short,--
    Options Expiration,2,5/17/2024,0,0,5/9/2024,1.04,208.96,208.96,0,Short,FIFO
UBER,1600,--,--,89572.83,--,--,112965.72,23392.89,--,Mixed,--
    Sell,400,2/15/2022,37.05,14819,7/15/2024,72,28799.21,13980.21,0,Long,FIFO
    Options Assignment,45,8/5/2024,53.6,2412,8/16/2024,69.49,3127.170015,715.17,0,Short,FIFO
    Options Assignment,100,8/5/2024,53.59,5359,8/16/2024,69.49,6949.27,1590.27,0,Short,FIFO
    Options Assignment,45,8/5/2024,53.58,2411.1,8/16/2024,69.49,3127.170015,716.07,0,Short,FIFO
    Sell,500,7/17/2024,69.47,34735,7/18/2024,68.54,34268.96,-466.04,0,Short,FIFO
    Sell,100,6/5/2024,65.71,6570.88,7/15/2024,72,7199.8,628.92,0,Short,FIFO
    Sell,100,4/29/2024,67.46,6745.5,7/15/2024,72,7199.8,454.3,0,Short,FIFO
    Sell,100,4/29/2024,67.59,6759.38,7/15/2024,72,7199.81,440.43,0,Short,FIFO
    Sell,100,8/4/2023,45.72,4572.5,7/15/2024,72,7199.8,2627.3,0,Short,FIFO
    Sell,100,8/1/2023,46.52,4651.67,7/15/2024,72,7199.8,2548.13,0,Short,FIFO
    Options Assignment,10,8/5/2024,53.68,536.8,8/16/2024,69.49,694.93,158.13,0,Short,FIFO
UCTT,1000,--,--,24865.9,--,--,24801.73,-64.17,--,Short,--
    Sell,1000,7/2/2025,24.87,24865.9,7/7/2025,24.8,24801.73,-64.17,0,Short,FIFO
UDMY,1000,--,--,8487.1,--,--,8514.3001,27.2,--,Short,--
    Sell,900,12/10/2024,8.49,7638.39,1/3/2025,8.5,7650.3501,11.96,0,Short,FIFO
    Sell,100,12/10/2024,8.49,848.71,1/7/2025,8.64,863.95,15.24,0,Short,FIFO
UPST,700,--,--,54988.48,--,--,54494.01,-494.47,--,Short,--
    Sell,200,1/23/2025,66.44,13288.78,1/27/2025,64.05,12809.09,-479.69,0,Short,FIFO
    Sell,500,7/23/2025,83.4,41699.7,7/28/2025,83.37,41684.92,-14.78,0,Short,FIFO
VECO,1000,--,--,21397.1,--,--,20199.83,-1197.27,--,Short,--
    Sell,1000,7/8/2025,21.4,21397.1,7/16/2025,20.2,20199.83,-1197.27,0,Short,FIFO
VNET,1000,--,--,7088.4,--,--,8979.83,1891.43,--,Short,--
    Sell,1000,7/2/2025,7.09,7088.4,7/15/2025,8.98,8979.83,1891.43,0,Short,FIFO
VOO,100,--,--,46754.06,--,--,48388.11999,1634.06,--,Short,--
    Sell,27,4/4/2025,467.53,12623.31,4/7/2025,460.8,12441.51001,-181.8,0,Short,FIFO
    Sell,13,4/4/2025,467.54,6078.08,4/7/2025,460.8,5990.359999,-87.72,0,Short,FIFO
    Sell,60,4/4/2025,467.54,28052.67,4/14/2025,499.27,29956.24998,1903.58,0,Short,FIFO
VSAT,1500,--,--,18435,--,--,16330.50766,-2104.49,--,Short,--
    Sell,666,2/7/2025,10.29,6853.14,3/3/2025,8.18,5448.610602,-1404.53,0,Short,FIFO
    Sell,334,2/7/2025,10.29,3436.86,3/3/2025,8.18,2731.980054,-704.88,0,Short,FIFO
    Sell,500,7/31/2025,16.29,8145,7/31/2025,16.3,8149.917,4.92,--,Short,FIFO
VSH,700,--,--,12797.65,--,--,12573.78,-223.87,--,Short,--
    Sell,100,11/26/2024,18.34,1834,12/9/2024,18.49,1849.08,15.08,0,Short,FIFO
    Sell,200,12/11/2024,18.35,3670,12/12/2024,17.75,3550.25,-119.75,0,Short,FIFO
    Sell,100,11/26/2024,18.21,1820.89,12/12/2024,17.75,1775.12,-45.77,0,Short,FIFO
    Sell,100,11/26/2024,18.1,1810,12/9/2024,18.49,1849.08,39.08,0,Short,FIFO
    Sell,200,12/11/2024,18.31,3662.76,12/12/2024,17.75,3550.25,-112.51,0,Short,FIFO
WB,7500,--,--,77879.2,--,--,81071.1001,3191.9,--,Short,--
    Sell,1000,10/1/2024,10.52,10525,10/2/2024,11.28,11279.61,754.61,0,Short,FIFO
    Sell,1000,10/9/2024,10.02,10017.2,12/3/2024,9.99,9991.15,-26.05,0,Short,FIFO
    Sell,1000,10/9/2024,9.95,9952.1,12/3/2024,9.98,9982.45,30.35,0,Short,FIFO
    Sell,500,10/4/2024,10.71,5355,10/7/2024,12.12,6061.2,706.2,0,Short,FIFO
    Sell,1000,10/2/2024,11,10995,10/7/2024,12.12,12122.39,1127.39,0,Short,FIFO
    Sell,796,10/2/2024,10.76,8568.94,10/2/2024,10.78,8580.590256,11.65,0,Short,FIFO
    Sell,204,10/2/2024,10.76,2196.06,10/2/2024,10.78,2200.04004,3.98,0,Short,FIFO
    Sell,700,10/1/2024,10.67,7468.93,10/2/2024,11.18,7825.6598,356.73,0,Short,FIFO
    Sell,100,10/1/2024,10.67,1066.99,10/2/2024,11.18,1118.05,51.06,0,Short,FIFO
    Sell,200,10/1/2024,10.67,2133.98,10/2/2024,11.19,2237.9,103.92,0,Short,FIFO
    Sell,1000,1/24/2025,9.6,9600,1/27/2025,9.67,9672.06,72.06,0,Short,FIFO
WOLF May 10 '24 $25 Call w,5,--,--,0,--,--,522.42,522.42,--,Short,--
    Options Expiration,5,5/10/2024,0,0,5/3/2024,1.04,522.42,522.42,0,Short,FIFO
WOLF,1000,--,--,30872.05,--,--,18052.86995,-12819.18,--,Short,--
    Options Assignment,300,11/17/2023,36.69,11007.6,5/17/2024,26.04,7813.3398,-3194.26,0,Short,FIFO
    Sell,50,1/17/2024,31.59,1579.3,11/8/2024,10.06,503.06,-1076.24,0,Short,FIFO
    Options Assignment,50,1/17/2024,31.59,1579.3,5/17/2024,26.04,1302.22,-277.08,0,Short,FIFO
    Options Assignment,50,12/15/2023,43.23,2161.35,5/17/2024,26.04,1302.23,-859.12,0,Short,FIFO
    Options Assignment,100,12/12/2023,37.54,3753.5,5/17/2024,26.04,2604.45,-1149.05,0,Short,FIFO
    Sell,450,4/22/2024,23.98,10791,11/8/2024,10.06,4527.57015,-6263.43,0,Short,FIFO
XYZ,200,--,--,10955.68,--,--,10881.96,-73.72,--,Short,--
    Sell,200,4/1/2025,54.78,10955.68,4/9/2025,54.41,10881.96,-73.72,0,Short,FIFO
ZETA,3000,--,--,48613.71,--,--,47039.50031,-1574.21,--,Short,--
    Sell,1000,7/17/2025,15.78,15775.4,7/21/2025,15.82,15819.83,44.43,0,Short,FIFO
    Sell,1695,7/23/2025,16.42,27831.73,7/25/2025,15.61,26458.67033,-1373.06,0,Short,FIFO
    Sell,305,7/23/2025,16.42,5006.58,7/25/2025,15.61,4760.99998,-245.58,0,Short,FIFO
ZM,200,--,--,14296.47,--,--,13948.85005,-347.62,--,Short,--
    Sell,150,12/19/2023,72.46,10869.47,2/28/2024,69.74,10461.64005,-407.83,0,Short,FIFO
    Sell,50,1/8/2024,68.54,3427,2/28/2024,69.74,3487.21,60.21,0,Short,FIFO
